-- MySQL dump 10.13  Distrib 8.0.24, for Win64 (x86_64)
--
-- Host: localhost    Database: prk_ski_jumping
-- ------------------------------------------------------
-- Server version	8.0.24

/*!40101 SET @OLD_CHARACTER_SET_CLIENT=@@CHARACTER_SET_CLIENT */;
/*!40101 SET @OLD_CHARACTER_SET_RESULTS=@@CHARACTER_SET_RESULTS */;
/*!40101 SET @OLD_COLLATION_CONNECTION=@@COLLATION_CONNECTION */;
/*!50503 SET NAMES utf8 */;
/*!40103 SET @OLD_TIME_ZONE=@@TIME_ZONE */;
/*!40103 SET TIME_ZONE='+00:00' */;
/*!40014 SET @OLD_UNIQUE_CHECKS=@@UNIQUE_CHECKS, UNIQUE_CHECKS=0 */;
/*!40014 SET @OLD_FOREIGN_KEY_CHECKS=@@FOREIGN_KEY_CHECKS, FOREIGN_KEY_CHECKS=0 */;
/*!40101 SET @OLD_SQL_MODE=@@SQL_MODE, SQL_MODE='NO_AUTO_VALUE_ON_ZERO' */;
/*!40111 SET @OLD_SQL_NOTES=@@SQL_NOTES, SQL_NOTES=0 */;

--
-- Table structure for table `athlete_country_list`
--

DROP TABLE IF EXISTS `athlete_country_list`;
/*!40101 SET @saved_cs_client     = @@character_set_client */;
/*!50503 SET character_set_client = utf8mb4 */;
CREATE TABLE `athlete_country_list` (
  `acl_id` bigint NOT NULL AUTO_INCREMENT,
  `search_id` bigint DEFAULT NULL,
  `name` varchar(255) COLLATE utf8mb4_unicode_ci DEFAULT NULL,
  PRIMARY KEY (`acl_id`),
  KEY `search_id` (`search_id`),
  CONSTRAINT `athlete_country_list_ibfk_1` FOREIGN KEY (`search_id`) REFERENCES `history_search` (`hs_id`)
) ENGINE=InnoDB AUTO_INCREMENT=1614 DEFAULT CHARSET=utf8mb4 COLLATE=utf8mb4_unicode_ci;
/*!40101 SET character_set_client = @saved_cs_client */;

--
-- Dumping data for table `athlete_country_list`
--

LOCK TABLES `athlete_country_list` WRITE;
/*!40000 ALTER TABLE `athlete_country_list` DISABLE KEYS */;
INSERT INTO `athlete_country_list` VALUES (1608,535,'MURANKA Klemens'),(1609,535,'KUBACKI Dawid'),(1610,536,'AUT'),(1611,536,'JPN'),(1612,536,'POL'),(1613,536,'RUS');
/*!40000 ALTER TABLE `athlete_country_list` ENABLE KEYS */;
UNLOCK TABLES;

--
-- Table structure for table `history_search`
--

DROP TABLE IF EXISTS `history_search`;
/*!40101 SET @saved_cs_client     = @@character_set_client */;
/*!50503 SET character_set_client = utf8mb4 */;
CREATE TABLE `history_search` (
  `hs_id` bigint NOT NULL AUTO_INCREMENT,
  `search_name` varchar(255) COLLATE utf8mb4_unicode_ci DEFAULT NULL,
  `search_date` date DEFAULT NULL,
  `search_type` varchar(255) COLLATE utf8mb4_unicode_ci DEFAULT NULL,
  `tournament_amount` int DEFAULT NULL,
  PRIMARY KEY (`hs_id`)
) ENGINE=InnoDB AUTO_INCREMENT=537 DEFAULT CHARSET=utf8mb4 COLLATE=utf8mb4_unicode_ci;
/*!40101 SET character_set_client = @saved_cs_client */;

--
-- Dumping data for table `history_search`
--

LOCK TABLES `history_search` WRITE;
/*!40000 ALTER TABLE `history_search` DISABLE KEYS */;
INSERT INTO `history_search` VALUES (535,'30 05 new  data','2021-05-30','Skoczek',1),(536,'5 krajów','2021-05-30','Kraj',3);
/*!40000 ALTER TABLE `history_search` ENABLE KEYS */;
UNLOCK TABLES;

--
-- Table structure for table `tournament_id_list`
--

DROP TABLE IF EXISTS `tournament_id_list`;
/*!40101 SET @saved_cs_client     = @@character_set_client */;
/*!50503 SET character_set_client = utf8mb4 */;
CREATE TABLE `tournament_id_list` (
  `til_id` bigint NOT NULL AUTO_INCREMENT,
  `search_id` bigint DEFAULT NULL,
  `tournament_id` bigint DEFAULT NULL,
  PRIMARY KEY (`til_id`),
  KEY `search_id` (`search_id`),
  CONSTRAINT `tournament_id_list_ibfk_1` FOREIGN KEY (`search_id`) REFERENCES `history_search` (`hs_id`)
) ENGINE=InnoDB AUTO_INCREMENT=2135 DEFAULT CHARSET=utf8mb4 COLLATE=utf8mb4_unicode_ci;
/*!40101 SET character_set_client = @saved_cs_client */;

--
-- Dumping data for table `tournament_id_list`
--

LOCK TABLES `tournament_id_list` WRITE;
/*!40000 ALTER TABLE `tournament_id_list` DISABLE KEYS */;
INSERT INTO `tournament_id_list` VALUES (2131,535,43),(2132,536,43),(2133,536,47),(2134,536,50);
/*!40000 ALTER TABLE `tournament_id_list` ENABLE KEYS */;
UNLOCK TABLES;

--
-- Table structure for table `tournament_jumper_results`
--

DROP TABLE IF EXISTS `tournament_jumper_results`;
/*!40101 SET @saved_cs_client     = @@character_set_client */;
/*!50503 SET character_set_client = utf8mb4 */;
CREATE TABLE `tournament_jumper_results` (
  `tjr_id` bigint NOT NULL AUTO_INCREMENT,
  `tjr_rank` int DEFAULT NULL,
  `origin` varchar(255) COLLATE utf8mb4_unicode_ci DEFAULT NULL,
  `athlete_name` varchar(255) COLLATE utf8mb4_unicode_ci DEFAULT NULL,
  `total_points` double DEFAULT NULL,
  `tournament_world_cup_id` bigint DEFAULT NULL,
  PRIMARY KEY (`tjr_id`)
) ENGINE=InnoDB AUTO_INCREMENT=2489 DEFAULT CHARSET=utf8mb4 COLLATE=utf8mb4_unicode_ci;
/*!40101 SET character_set_client = @saved_cs_client */;

--
-- Dumping data for table `tournament_jumper_results`
--

LOCK TABLES `tournament_jumper_results` WRITE;
/*!40000 ALTER TABLE `tournament_jumper_results` DISABLE KEYS */;
INSERT INTO `tournament_jumper_results` VALUES (600,1,'GER','GEIGER Karl',459.3,43),(601,2,'JPN','KOBAYASHI Ryoyu',452.4,43),(602,3,'GER','EISENBICHLER Markus',447.9,43),(603,4,'SLO','PREVC Domen',442.5,43),(604,5,'AUT','HUBER Daniel',438.2,43),(605,6,'JPN','SATO Yukiya',435.1,43),(606,7,'SLO','PAVLOVCIC Bor',430.1,43),(607,8,'NOR','FORFANG Johann Andre',428.2,43),(608,9,'NOR','JOHANSSON Robert',426.7,43),(609,10,'AUT','HAYBOECK Michael',425.8,43),(610,11,'GER','PASCHKE Pius',421.1,43),(611,12,'SLO','JELAR Ziga',417.9,43),(612,13,'POL','ZYLA Piotr',415.4,43),(613,14,'SLO','LANISEK Anze',414.6,43),(614,15,'POL','STEKALA Andrzej',402.6,43),(615,16,'NOR','GRANERUD Halvor Egner',401.1,43),(616,17,'AUT','KRAFT Stefan',399.3,43),(617,18,'POL','KUBACKI Dawid',397,43),(618,19,'RUS','NAZAROV Mikhail',394.1,43),(619,20,'POL','STOCH Kamil',381.9,43),(620,21,'AUT','ASCHENWALD Philipp',381.8,43),(621,22,'JPN','SATO Keiichi',380.1,43),(622,23,'SLO','PREVC Peter',377.7,43),(623,24,'SUI','DESCHWANDEN Gregor',376.5,43),(624,25,'GER','FREUND Severin',376.1,43),(625,26,'POL','WOLNY Jakub',369.6,43),(626,27,'GER','SCHMID Constantin',369.1,43),(627,28,'GER','HAMANN Martin',368.4,43),(628,29,'POL','MURANKA Klemens',324,43),(629,1,'AUT','KRAMER Marita',136.1,44),(630,2,'NOR','OPSETH Silje',120.1,44),(631,3,'SLO','KRIZNAR Nika',115.4,44),(632,4,'AUT','IRASCHKO-STOLZ Daniela',115.2,44),(633,5,'AUT','HOELZL Chiara',113.3,44),(634,6,'SLO','KLINEC Ema',111.8,44),(635,7,'JPN','TAKANASHI Sara',109.4,44),(636,8,'RUS','AVVAKUMOVA Irina',106.5,44),(637,9,'FRA','PAGNIER Josephine',103.9,44),(638,10,'GER','ALTHAUS Katharina',94.3,44),(639,11,'AUT','SORSCHAG Sophie',93.2,44),(640,12,'GER','RUPPRECHT Anna',87.9,44),(641,13,'NOR','BJOERSETH Thea Minyan',87.6,44),(642,14,'SLO','ROGELJ Spela',83,44),(643,15,'JPN','IWABUCHI Kaori',82.2,44),(644,16,'FRA','CLAIR Julia',76.6,44),(645,17,'NOR','STROEM Anna Odine',75.1,44),(646,17,'GER','SEYFARTH Juliane',75.1,44),(647,19,'JPN','SETO Yuka',72.5,44),(648,20,'GER','GOERLICH Luisa',71.6,44),(649,21,'SLO','BOGATAJ Ursa',71.5,44),(650,22,'FIN','KYKKAENEN Julia',69.3,44),(651,23,'JPN','ITO Yuki',68.4,44),(652,24,'CZE','INDRACKOVA Karolina',63.7,44),(653,25,'RUS','PROKOPIEVA Kristina',59.8,44),(654,26,'RUS','TIKHONOVA Sofia',58.9,44),(655,27,'AUT','EDER Lisa',56.2,44),(656,28,'RUS','MAKHINIA Irma',46.4,44),(657,29,'SLO','KOMAR Katra',44.5,44),(658,1,'GER','GEIGER Karl',237.3,45),(659,2,'JPN','KOBAYASHI Ryoyu',227.7,45),(660,3,'SLO','PAVLOVCIC Bor',225.2,45),(661,4,'SLO','PREVC Domen',222.8,45),(662,5,'NOR','JOHANSSON Robert',218.8,45),(663,6,'JPN','SATO Yukiya',216.8,45),(664,7,'POL','ZYLA Piotr',213.5,45),(665,8,'GER','EISENBICHLER Markus',209.7,45),(666,9,'AUT','HUBER Daniel',208.9,45),(667,10,'POL','WOLNY Jakub',208.1,45),(668,11,'SLO','PREVC Peter',206.8,45),(669,12,'SLO','JELAR Ziga',205.5,45),(670,13,'NOR','FORFANG Johann Andre',204,45),(671,14,'AUT','HAYBOECK Michael',203.8,45),(672,15,'RUS','KLIMOV Evgeniy',203.3,45),(673,16,'POL','KUBACKI Dawid',203,45),(674,17,'JPN','NAKAMURA Naoki',202,45),(675,18,'NOR','GRANERUD Halvor Egner',201.5,45),(676,19,'SLO','SEMENIC Anze',198.3,45),(677,20,'GER','PASCHKE Pius',198.2,45),(678,21,'SLO','KOS Lovro',196.5,45),(679,22,'SLO','PREVC Cene',195.7,45),(680,23,'EST','AIGRO Artti',195.4,45),(681,24,'RUS','NAZAROV Mikhail',194.4,45),(682,24,'AUT','SCHIFFNER Markus',194.4,45),(683,26,'SLO','LANISEK Anze',194.3,45),(684,27,'GER','FREUND Severin',193.9,45),(685,28,'FIN','MAATTA Jarkko',193.6,45),(686,29,'AUT','KRAFT Stefan',193.4,45),(687,30,'JPN','KOBAYASHI Junshiro',189.2,45),(688,31,'JPN','SATO Keiichi',187.5,45),(689,32,'POL','STOCH Kamil',186.3,45),(690,33,'NOR','LINDVIK Marius',186,45),(691,34,'SUI','DESCHWANDEN Gregor',185.7,45),(692,35,'SLO','ZAJC Timi',185.1,45),(693,36,'POL','STEKALA Andrzej',183.4,45),(694,36,'AUT','ASCHENWALD Philipp',183.4,45),(695,38,'SUI','HAUSWIRTH Sandro',180.8,45),(696,39,'GER','HAMANN Martin',180.1,45),(697,40,'SUI','AMMANN Simon',179.5,45),(698,41,'AUT','WOHLGENANNT Ulrich',178.8,45),(699,42,'GER','SCHMID Constantin',176.8,45),(700,43,'FIN','KYTOSAHO Niko',174.9,45),(701,44,'CAN','BOYD-CLOWES Mackenzie',174.1,45),(702,45,'FIN','NOUSIAINEN Eetu',172.2,45),(703,46,'BUL','ZOGRAFSKI Vladimir',172.1,45),(704,47,'SLO','BARTOL Tilen',171.3,45),(705,48,'POL','MURANKA Klemens',170.3,45),(706,49,'RUS','KORNILOV Denis',166.9,45),(707,50,'RUS','TROFIMOV Roman Sergeevich',162.7,45),(708,51,'USA','DEAN Decker',160.1,45),(709,52,'JPN','IWASA Yuken',159,45),(710,53,'CAN','SOUKUP Matthew',154.3,45),(711,54,'SLO','MOGEL Zak',153.8,45),(712,55,'FRA','CONTAMINE Mathis',152.7,45),(713,56,'FIN','AALTO Antti',149.7,45),(714,57,'SUI','PETER Dominik',149.5,45),(715,58,'SLO','JUSTIN Rok',148.2,45),(716,59,'EST','MALTSEV Kevin',147.5,45),(717,60,'CZE','KOZISEK Cestmir',146.3,45),(718,61,'AUT','HOERL Jan',141.7,45),(719,62,'NOR','OESTVOLD Benjamin',137.9,45),(720,63,'FRA','FOUBERT Valentin',136.5,45),(721,64,'KAZ','MUMINOV Sabirzhan',130.4,45),(722,65,'SLO','GRILC Tjas',125.6,45),(723,66,'USA','LARSON Casey',119.9,45),(724,1,'AUT','KRAMER Marita',258.1,46),(725,2,'JPN','TAKANASHI Sara',234.8,46),(726,3,'SLO','KRIZNAR Nika',223.4,46),(727,4,'JPN','MARUYAMA Nozomi',222.9,46),(728,5,'NOR','OPSETH Silje',220.4,46),(729,6,'SLO','ROGELJ Spela',210.6,46),(730,7,'AUT','IRASCHKO-STOLZ Daniela',210.2,46),(731,8,'RUS','AVVAKUMOVA Irina',208,46),(732,9,'JPN','ITO Yuki',206.9,46),(733,10,'FRA','PAGNIER Josephine',203.9,46),(734,11,'AUT','SORSCHAG Sophie',202.6,46),(735,12,'GER','ALTHAUS Katharina',201.5,46),(736,13,'AUT','HOELZL Chiara',201.3,46),(737,14,'GER','RUPPRECHT Anna',199.7,46),(738,15,'NOR','BJOERSETH Thea Minyan',195.7,46),(739,16,'CZE','INDRACKOVA Karolina',192.4,46),(740,17,'SLO','KOMAR Katra',192.2,46),(741,18,'AUT','EDER Lisa',191.8,46),(742,19,'SLO','BOGATAJ Ursa',191.4,46),(743,20,'JPN','SETO Yuka',189.5,46),(744,21,'RUS','TIKHONOVA Sofia',188.2,46),(745,22,'SLO','KLINEC Ema',187.4,46),(746,23,'JPN','IWABUCHI Kaori',183.3,46),(747,24,'FIN','RAUTIONAHO Jenny',177.7,46),(748,25,'GER','SEYFARTH Juliane',177.1,46),(749,26,'GER','FREITAG Selina',176,46),(750,27,'GER','GOERLICH Luisa',175.1,46),(751,28,'FRA','CLAIR Julia',174,46),(752,29,'NOR','STROEM Anna Odine',172.7,46),(753,30,'CZE','ULRICHOVA Klara',170.3,46),(754,31,'FIN','KYKKAENEN Julia',82.5,46),(755,32,'RUS','MAKHINIA Irma',81.2,46),(756,33,'ROU','HARALAMBIE Daniela',81.1,46),(757,34,'FIN','FORSSTROEM Susanna',80.6,46),(758,35,'CAN','STRATE Abigail',80.2,46),(759,36,'GER','HESSLER Pauline',78.1,46),(760,37,'RUS','PROKOPIEVA Kristina',75.7,46),(761,38,'RUS','IAKOVLEVA Mariia',75,46),(762,39,'SLO','REPINC ZUPANCIC Jerneja',71.5,46),(763,40,'RUS','MOKHOVA Elizaveta',61.5,46),(764,1,'JPN','KOBAYASHI Ryoyu',452.5,47),(765,2,'GER','EISENBICHLER Markus',445.1,47),(766,3,'GER','GEIGER Karl',431.3,47),(767,4,'AUT','HAYBOECK Michael',430.2,47),(768,5,'SLO','PAVLOVCIC Bor',428.2,47),(769,6,'AUT','HUBER Daniel',420.4,47),(770,7,'NOR','JOHANSSON Robert',419.9,47),(771,8,'SLO','PREVC Domen',418.9,47),(772,9,'JPN','SATO Yukiya',417.3,47),(773,10,'POL','ZYLA Piotr',413.2,47),(774,11,'NOR','FORFANG Johann Andre',408.8,47),(775,12,'RUS','NAZAROV Mikhail',408.5,47),(776,13,'GER','PASCHKE Pius',406.9,47),(777,14,'POL','WOLNY Jakub',406.8,47),(778,15,'GER','SCHMID Constantin',405.1,47),(779,16,'JPN','NAKAMURA Naoki',401.8,47),(780,17,'SLO','JELAR Ziga',400.2,47),(781,18,'POL','STEKALA Andrzej',400,47),(782,19,'SLO','PREVC Peter',395.1,47),(783,20,'JPN','KOBAYASHI Junshiro',391.6,47),(784,21,'EST','AIGRO Artti',390.2,47),(785,22,'AUT','SCHIFFNER Markus',385.9,47),(786,23,'AUT','KRAFT Stefan',385.1,47),(787,24,'AUT','HOERL Jan',379,47),(788,25,'SLO','BARTOL Tilen',374.8,47),(789,26,'SLO','PREVC Cene',373.5,47),(790,27,'SLO','KOS Lovro',369.5,47),(791,28,'SLO','LANISEK Anze',369.4,47),(792,29,'SLO','ZAJC Timi',369.3,47),(793,30,'SLO','SEMENIC Anze',365.9,47),(794,31,'POL','KUBACKI Dawid',175,47),(795,32,'POL','STOCH Kamil',173.7,47),(796,33,'SUI','DESCHWANDEN Gregor',172.4,47),(797,34,'NOR','LINDVIK Marius',171.8,47),(798,35,'AUT','ASCHENWALD Philipp',169.5,47),(799,36,'JPN','SATO Keiichi',168.8,47),(800,37,'NOR','GRANERUD Halvor Egner',165.7,47),(801,38,'EST','MALTSEV Kevin',144.4,47),(802,1,'AUT','KRAMER Marita',243.1,48),(803,2,'SLO','KRIZNAR Nika',232.3,48),(804,3,'JPN','TAKANASHI Sara',230,48),(805,4,'AUT','IRASCHKO-STOLZ Daniela',225,48),(806,5,'JPN','MARUYAMA Nozomi',223.5,48),(807,6,'NOR','OPSETH Silje',222.5,48),(808,7,'GER','ALTHAUS Katharina',220.2,48),(809,8,'NOR','BJOERSETH Thea Minyan',208.6,48),(810,9,'JPN','ITO Yuki',205.9,48),(811,10,'AUT','HOELZL Chiara',202.9,48),(812,10,'GER','RUPPRECHT Anna',202.9,48),(813,12,'RUS','AVVAKUMOVA Irina',202.8,48),(814,13,'SLO','ROGELJ Spela',202.3,48),(815,14,'SLO','BOGATAJ Ursa',199.1,48),(816,15,'GER','GOERLICH Luisa',198.8,48),(817,16,'AUT','SORSCHAG Sophie',198.4,48),(818,17,'GER','SEYFARTH Juliane',197.3,48),(819,18,'SLO','KLINEC Ema',195.8,48),(820,19,'FRA','CLAIR Julia',195.4,48),(821,20,'RUS','TIKHONOVA Sofia',191.5,48),(822,21,'NOR','STROEM Anna Odine',190.9,48),(823,22,'FIN','KYKKAENEN Julia',186.3,48),(824,23,'FRA','PAGNIER Josephine',186.1,48),(825,24,'RUS','PROKOPIEVA Kristina',185.6,48),(826,25,'JPN','SETO Yuka',184.6,48),(827,26,'AUT','EDER Lisa',179.6,48),(828,27,'ROU','HARALAMBIE Daniela',173.4,48),(829,28,'GER','HESSLER Pauline',172.7,48),(830,29,'GER','FREITAG Selina',172,48),(831,30,'JPN','IWABUCHI Kaori',168.6,48),(832,31,'CZE','INDRACKOVA Karolina',84.9,48),(833,32,'CAN','STRATE Abigail',83.7,48),(834,33,'SLO','KOMAR Katra',82.5,48),(835,34,'CZE','ULRICHOVA Klara',82.2,48),(836,35,'FIN','RAUTIONAHO Jenny',81.6,48),(837,36,'RUS','MAKHINIA Irma',81.5,48),(838,37,'SLO','REPINC ZUPANCIC Jerneja',78.6,48),(839,38,'RUS','SHPYNEVA Anna',77.9,48),(840,39,'RUS','KABLUKOVA Ksenia',77.5,48),(841,40,'USA','BELSHAW Annika',75.7,48),(842,1,'AUT','KRAMER Marita',232.1,49),(843,2,'JPN','TAKANASHI Sara',224.1,49),(844,3,'SLO','KRIZNAR Nika',218.1,49),(845,4,'NOR','OPSETH Silje',215.9,49),(846,5,'AUT','HOELZL Chiara',214.9,49),(847,6,'JPN','MARUYAMA Nozomi',209.8,49),(848,7,'NOR','BJOERSETH Thea Minyan',209.4,49),(849,8,'JPN','ITO Yuki',207.4,49),(850,9,'GER','ALTHAUS Katharina',204.1,49),(851,10,'RUS','AVVAKUMOVA Irina',203.6,49),(852,11,'SLO','KLINEC Ema',201.9,49),(853,12,'AUT','SORSCHAG Sophie',201.1,49),(854,13,'SLO','ROGELJ Spela',200.9,49),(855,14,'FRA','PAGNIER Josephine',193.9,49),(856,15,'AUT','IRASCHKO-STOLZ Daniela',190.5,49),(857,16,'GER','RUPPRECHT Anna',182.7,49),(858,17,'GER','SEYFARTH Juliane',182.4,49),(859,18,'NOR','STROEM Anna Odine',181,49),(860,19,'JPN','SETO Yuka',180.4,49),(861,19,'SLO','KOMAR Katra',180.4,49),(862,21,'AUT','EDER Lisa',179.8,49),(863,22,'RUS','MAKHINIA Irma',179.3,49),(864,23,'RUS','TIKHONOVA Sofia',177.4,49),(865,24,'GER','GOERLICH Luisa',177.1,49),(866,25,'FRA','CLAIR Julia',175.5,49),(867,26,'GER','HESSLER Pauline',172.3,49),(868,27,'GER','FREITAG Selina',170.2,49),(869,28,'SLO','BOGATAJ Ursa',169.6,49),(870,29,'CZE','ULRICHOVA Klara',166,49),(871,30,'CAN','STRATE Abigail',161.7,49),(872,31,'FIN','KYKKAENEN Julia',81.7,49),(873,32,'FIN','RAUTIONAHO Jenny',80.8,49),(874,33,'SLO','REPINC ZUPANCIC Jerneja',79.7,49),(875,34,'ROU','HARALAMBIE Daniela',76.7,49),(876,35,'RUS','KABLUKOVA Ksenia',76.1,49),(877,36,'CZE','INDRACKOVA Karolina',75.3,49),(878,37,'RUS','PROKOPIEVA Kristina',74.8,49),(879,38,'RUS','IAKOVLEVA Mariia',72.9,49),(880,39,'USA','BELSHAW Annika',71.8,49),(881,1,'JPN','KOBAYASHI Ryoyu',257.9,50),(882,2,'POL','STOCH Kamil',256.3,50),(883,3,'GER','GEIGER Karl',255.7,50),(884,4,'POL','KUBACKI Dawid',255.6,50),(885,5,'POL','ZYLA Piotr',253.4,50),(886,6,'NOR','TANDE Daniel Andre',253.3,50),(887,7,'GER','PASCHKE Pius',252.7,50),(888,8,'AUT','FETTNER Manuel',249.5,50),(889,9,'AUT','TSCHOFENIG Daniel',246.3,50),(890,10,'SUI','DESCHWANDEN Gregor',245.6,50),(891,11,'NOR','JOHANSSON Robert',243.1,50),(892,12,'GER','SCHMID Constantin',241.6,50),(893,13,'NOR','LINDVIK Marius',240.8,50),(894,14,'GER','FREUND Severin',237.9,50),(895,15,'SLO','JELAR Ziga',237.2,50),(896,16,'POL','MURANKA Klemens',236.7,50),(897,17,'SLO','PREVC Cene',235.6,50),(898,18,'AUT','HAAGEN David',234.5,50),(899,19,'POL','WOLNY Jakub',233.9,50),(900,20,'RUS','KLIMOV Evgeniy',233.8,50),(901,21,'BUL','ZOGRAFSKI Vladimir',230.7,50),(902,22,'POL','STEKALA Andrzej',230.3,50),(903,22,'AUT','WOHLGENANNT Ulrich',230.3,50),(904,24,'RUS','TROFIMOV Roman Sergeevich',224.2,50),(905,25,'SLO','BARTOL Tilen',223.5,50),(906,26,'JPN','NAKAMURA Naoki',223.4,50),(907,27,'SUI','PETER Dominik',222.1,50),(908,28,'SLO','PRESECNIK Jernej',220.9,50),(909,29,'NOR','GRANERUD Halvor Egner',126.1,50),(910,30,'GER','EISENBICHLER Markus',117.1,50),(911,31,'POL','WASEK Pawel',110.2,50),(912,32,'AUT','BACHLINGER Niklas',108.9,50),(913,33,'JPN','SATO Yukiya',108.1,50),(914,34,'GER','HAMANN Martin',107.9,50),(915,34,'NOR','HAARE Anders',107.9,50),(916,36,'JPN','SATO Keiichi',107.1,50),(917,37,'UKR','KALINICHENKO Vitaliy',106.4,50),(918,38,'AUT','WOERGOETTER Marco',105.7,50),(919,39,'SUI','AMMANN Simon',104.6,50),(920,40,'KAZ','VASSILYEV Danil',100.3,50),(921,41,'RUS','MAKSIMOCHKIN Mikhail',100.2,50),(922,42,'ROU','CACINA Daniel Andrei',99.4,50),(923,43,'RUS','PURTOV Mikhail',96.3,50),(924,44,'KAZ','MUMINOV Sabirzhan',90.5,50),(925,45,'FRA','BATBY Alessandro',86.1,50),(926,46,'UKR','MARUSIAK Yevhen',78.2,50),(927,1,'JPN','TAKANASHI Sara',239.2,51),(928,2,'NOR','OPSETH Silje',232.9,51),(929,3,'SLO','KRIZNAR Nika',228.6,51),(930,4,'SLO','KLINEC Ema',224.3,51),(931,5,'NOR','LUNDBY Maren',221.3,51),(932,6,'AUT','IRASCHKO-STOLZ Daniela',220.8,51),(933,7,'AUT','PINKELNIG Eva',219.1,51),(934,8,'FRA','CLAIR Julia',206.4,51),(935,9,'AUT','SORSCHAG Sophie',204.9,51),(936,10,'RUS','AVVAKUMOVA Irina',203.5,51),(937,11,'ITA','MALSINER Lara',203,51),(938,12,'SLO','BRECL Jerneja',202.6,51),(939,13,'GER','RUPPRECHT Anna',201,51),(940,14,'JPN','MARUYAMA Nozomi',198.5,51),(941,15,'AUT','HOELZL Chiara',197.5,51),(942,16,'NOR','BJOERSETH Thea Minyan',196.5,51),(943,17,'NOR','STROEM Anna Odine',195.9,51),(944,18,'GER','GOERLICH Luisa',194.2,51),(945,19,'SLO','ROGELJ Spela',193.7,51),(946,20,'SLO','BOGATAJ Ursa',192.6,51),(947,21,'AUT','EDER Lisa',191.8,51),(948,22,'CZE','ULRICHOVA Klara',188.2,51),(949,23,'JPN','ITO Yuki',186.6,51),(950,24,'GER','FREITAG Selina',185.5,51),(951,25,'CZE','INDRACKOVA Karolina',185,51),(952,26,'RUS','MAKHINIA Irma',183.7,51),(953,27,'SLO','KOMAR Katra',180.6,51),(954,28,'ROU','HARALAMBIE Daniela',176.6,51),(955,29,'RUS','TIKHONOVA Sofia',173.9,51),(956,29,'RUS','PROKOPIEVA Kristina',173.9,51),(957,31,'POL','TWARDOSZ Anna',164.7,51),(958,32,'ITA','MALSINER Jessica',88.8,51),(959,33,'FRA','PAGNIER Josephine',87.6,51),(960,34,'RUS','SHPYNEVA Anna',86.5,51),(961,35,'JPN','IWABUCHI Kaori',83.2,51),(962,36,'FIN','KYKKAENEN Julia',81.6,51),(963,37,'POL','KONDERLA Nicole',79.1,51),(964,38,'POL','KARPIEL Kamila',78.6,51),(965,39,'GER','REISCH Agnes',77.2,51),(966,1,'SLO','KRIZNAR Nika',235.7,52),(967,2,'JPN','TAKANASHI Sara',232.9,52),(968,3,'NOR','OPSETH Silje',230.1,52),(969,4,'AUT','IRASCHKO-STOLZ Daniela',224.5,52),(970,5,'SLO','KLINEC Ema',222.3,52),(971,6,'NOR','LUNDBY Maren',218.7,52),(972,7,'AUT','PINKELNIG Eva',215.5,52),(973,8,'NOR','BJOERSETH Thea Minyan',214.1,52),(974,9,'SLO','BRECL Jerneja',205.7,52),(975,10,'AUT','HOELZL Chiara',205.5,52),(976,11,'AUT','EDER Lisa',202.9,52),(977,12,'JPN','ITO Yuki',202.3,52),(978,13,'ITA','MALSINER Lara',200.6,52),(979,14,'NOR','STROEM Anna Odine',200.2,52),(980,15,'RUS','AVVAKUMOVA Irina',199.4,52),(981,16,'GER','RUPPRECHT Anna',199.2,52),(982,17,'FRA','CLAIR Julia',197,52),(983,18,'JPN','MARUYAMA Nozomi',194,52),(984,19,'SLO','BOGATAJ Ursa',193.6,52),(985,20,'ITA','MALSINER Jessica',189.2,52),(986,21,'CZE','INDRACKOVA Karolina',187,52),(987,22,'FIN','KYKKAENEN Julia',186.8,52),(988,23,'RUS','MAKHINIA Irma',185.8,52),(989,24,'CZE','ULRICHOVA Klara',185.7,52),(990,25,'RUS','TIKHONOVA Sofia',181.6,52),(991,26,'GER','FREITAG Selina',180.8,52),(992,27,'SLO','KOMAR Katra',180,52),(993,28,'AUT','SORSCHAG Sophie',179,52),(994,29,'GER','GOERLICH Luisa',172.7,52),(995,30,'POL','KARPIEL Kamila',162.5,52),(996,31,'ROU','HARALAMBIE Daniela',79.6,52),(997,32,'RUS','SHPYNEVA Anna',79.5,52),(998,33,'CAN','STRATE Abigail',79.3,52),(999,34,'JPN','SETO Yuka',78.4,52),(1000,35,'GER','REISCH Agnes',76.9,52),(1001,36,'USA','BELSHAW Annika',76.1,52),(1002,37,'FRA','MORAT Lucile',72.9,52),(1003,38,'RUS','PROKOPIEVA Kristina',72.5,52),(1004,39,'POL','TWARDOSZ Anna',70.3,52),(1005,40,'FRA','PAGNIER Josephine',69,52),(1006,1,'NOR','GRANERUD Halvor Egner',298.1,53),(1007,2,'SLO','LANISEK Anze',295.2,53),(1008,3,'NOR','JOHANSSON Robert',293.8,53),(1009,4,'NOR','LINDVIK Marius',292.6,53),(1010,5,'AUT','KRAFT Stefan',290.2,53),(1011,6,'POL','KUBACKI Dawid',288.4,53),(1012,7,'NOR','TANDE Daniel Andre',286.4,53),(1013,8,'JPN','SATO Keiichi',286,53),(1014,9,'JPN','KOBAYASHI Ryoyu',284.8,53),(1015,10,'AUT','HUBER Daniel',284.5,53),(1016,11,'NOR','FORFANG Johann Andre',283.2,53),(1017,12,'GER','EISENBICHLER Markus',283,53),(1018,13,'SLO','PAVLOVCIC Bor',281.3,53),(1019,14,'RUS','NAZAROV Mikhail',279.8,53),(1020,15,'AUT','ASCHENWALD Philipp',275.2,53),(1021,16,'SLO','PREVC Domen',273,53),(1022,17,'AUT','HAYBOECK Michael',272.6,53),(1023,18,'JPN','NAKAMURA Naoki',271.7,53),(1024,19,'POL','MURANKA Klemens',271.4,53),(1025,20,'SUI','DESCHWANDEN Gregor',271.3,53),(1026,21,'SUI','AMMANN Simon',269.9,53),(1027,22,'GER','GEIGER Karl',269.8,53),(1028,23,'POL','STOCH Kamil',268.6,53),(1029,24,'GER','HAMANN Martin',266.8,53),(1030,25,'AUT','WOHLGENANNT Ulrich',263.8,53),(1031,26,'RUS','KORNILOV Denis',262.8,53),(1032,27,'CAN','BOYD-CLOWES Mackenzie',261.4,53),(1033,28,'AUT','LACKNER Thomas',256.4,53),(1034,29,'RUS','KLIMOV Evgeniy',255.9,53),(1035,30,'GER','PASCHKE Pius',253.3,53),(1036,31,'GER','FREUND Severin',130.1,53),(1037,32,'JPN','SATO Yukiya',130,53),(1038,33,'POL','ZYLA Piotr',129.2,53),(1039,34,'SLO','BARTOL Tilen',128.3,53),(1040,35,'POL','WOLNY Jakub',126,53),(1041,35,'SLO','ZAJC Timi',126,53),(1042,37,'POL','WASEK Pawel',124.5,53),(1043,38,'GER','SCHMID Constantin',124.3,53),(1044,39,'SLO','JELAR Ziga',122,53),(1045,40,'UKR','KALINICHENKO Vitaliy',121.9,53),(1046,41,'USA','DEAN Decker',109.6,53),(1047,42,'ITA','INSAM Alex',107.8,53),(1048,43,'EST','MALTSEV Kevin',107.1,53),(1049,44,'BUL','ZOGRAFSKI Vladimir',95.9,53),(1050,45,'KAZ','MUMINOV Sabirzhan',89.5,53),(1051,46,'UKR','MARUSIAK Yevhen',88.3,53),(1052,47,'KAZ','TKACHENKO Sergey',65,53),(1053,1,'JPN','KOBAYASHI Ryoyu',268.9,54),(1054,2,'POL','STEKALA Andrzej',268.6,54),(1055,3,'NOR','LINDVIK Marius',267.8,54),(1056,4,'SLO','LANISEK Anze',266.9,54),(1057,5,'SLO','PAVLOVCIC Bor',266.4,54),(1058,6,'NOR','TANDE Daniel Andre',263.5,54),(1059,7,'NOR','GRANERUD Halvor Egner',263,54),(1060,8,'POL','ZYLA Piotr',257.5,54),(1061,9,'NOR','JOHANSSON Robert',256.8,54),(1062,10,'AUT','KRAFT Stefan',252.9,54),(1063,11,'POL','KUBACKI Dawid',251.6,54),(1064,12,'JPN','SATO Yukiya',250.7,54),(1065,13,'AUT','ASCHENWALD Philipp',250,54),(1066,14,'GER','EISENBICHLER Markus',249.8,54),(1067,14,'GER','PASCHKE Pius',249.8,54),(1068,16,'JPN','SATO Keiichi',247.5,54),(1069,17,'SLO','PREVC Domen',246.7,54),(1070,18,'SLO','ZAJC Timi',246.6,54),(1071,19,'NOR','FORFANG Johann Andre',245.6,54),(1072,20,'POL','STOCH Kamil',244.7,54),(1073,21,'AUT','HOERL Jan',244.4,54),(1074,22,'RUS','NAZAROV Mikhail',243.5,54),(1075,23,'GER','GEIGER Karl',239.8,54),(1076,24,'SUI','DESCHWANDEN Gregor',239.7,54),(1077,25,'AUT','HAYBOECK Michael',236.6,54),(1078,26,'SUI','AMMANN Simon',235.1,54),(1079,27,'RUS','KLIMOV Evgeniy',232.5,54),(1080,28,'JPN','NAKAMURA Naoki',232.2,54),(1081,29,'AUT','WOHLGENANNT Ulrich',228.2,54),(1082,30,'GER','FREUND Severin',225,54),(1083,31,'SLO','BARTOL Tilen',110.8,54),(1084,32,'POL','WASEK Pawel',110.7,54),(1085,33,'RUS','KORNILOV Denis',110.4,54),(1086,34,'GER','HAMANN Martin',109.9,54),(1087,35,'CAN','BOYD-CLOWES Mackenzie',109.7,54),(1088,36,'POL','WOLNY Jakub',107.6,54),(1089,37,'SLO','JELAR Ziga',107.5,54),(1090,38,'POL','MURANKA Klemens',107.2,54),(1091,38,'POL','KOT Maciej',107.2,54),(1092,40,'POL','PILCH Tomasz',106.8,54),(1093,41,'POL','HULA Stefan',104.1,54),(1094,42,'AUT','LACKNER Thomas',102.8,54),(1095,43,'GER','SCHMID Constantin',102.3,54),(1096,44,'BUL','ZOGRAFSKI Vladimir',100.3,54),(1097,45,'POL','ZNISZCZOL Aleksander',100,54),(1098,46,'USA','DEAN Decker',97,54),(1099,47,'UKR','KALINICHENKO Vitaliy',90.8,54),(1100,48,'KAZ','MUMINOV Sabirzhan',84.4,54),(1101,49,'UKR','MARUSIAK Yevhen',70.6,54),(1102,1,'JPN','TAKANASHI Sara',234.1,55),(1103,2,'SLO','KRIZNAR Nika',231,55),(1104,3,'NOR','OPSETH Silje',223.5,55),(1105,4,'AUT','KRAMER Marita',223.3,55),(1106,5,'NOR','LUNDBY Maren',219.7,55),(1107,5,'RUS','AVVAKUMOVA Irina',219.7,55),(1108,7,'GER','ALTHAUS Katharina',208.2,55),(1109,8,'AUT','IRASCHKO-STOLZ Daniela',206.4,55),(1110,9,'AUT','HOELZL Chiara',206.3,55),(1111,10,'AUT','EDER Lisa',206.1,55),(1112,11,'NOR','STROEM Anna Odine',205.6,55),(1113,12,'SLO','ROGELJ Spela',205.4,55),(1114,13,'SLO','KLINEC Ema',204,55),(1115,14,'GER','RUPPRECHT Anna',202.9,55),(1116,15,'NOR','KVANDAL Eirin Maria',202.6,55),(1117,16,'GER','VOGT Carina',201.6,55),(1118,17,'SLO','BRECL Jerneja',200.9,55),(1119,18,'JPN','MARUYAMA Nozomi',200.5,55),(1120,19,'ITA','MALSINER Lara',199.1,55),(1121,20,'JPN','ITO Yuki',194.2,55),(1122,21,'ITA','MALSINER Jessica',194,55),(1123,22,'AUT','MUEHLBACHER Julia',193.7,55),(1124,23,'GER','REISCH Agnes',191.5,55),(1125,24,'AUT','SORSCHAG Sophie',190.1,55),(1126,25,'FRA','CLAIR Julia',189.9,55),(1127,26,'RUS','TIKHONOVA Sofia',187.8,55),(1128,27,'FIN','KYKKAENEN Julia',185.8,55),(1129,28,'JPN','SETO Yuka',180.8,55),(1130,29,'SLO','KOMAR Katra',178.5,55),(1131,30,'NOR','BJOERSETH Thea Minyan',176.9,55),(1132,31,'RUS','MAKHINIA Irma',91.5,55),(1133,32,'POL','RAJDA Kinga',88.9,55),(1134,33,'FRA','PAGNIER Josephine',88,55),(1135,34,'SLO','BOGATAJ Ursa',87.3,55),(1136,35,'FIN','RAUTIONAHO Jenny',87,55),(1137,36,'JPN','IWABUCHI Kaori',86.7,55),(1138,37,'ROU','HARALAMBIE Daniela',82.4,55),(1139,38,'RUS','SHPYNEVA Anna',81.8,55),(1140,39,'RUS','PROKOPIEVA Kristina',71.2,55),(1141,40,'HUN','VOROS Virag',60.3,55),(1142,1,'NOR','GRANERUD Halvor Egner',288.5,56),(1143,2,'SLO','PAVLOVCIC Bor',287.8,56),(1144,3,'GER','EISENBICHLER Markus',285.7,56),(1145,4,'NOR','JOHANSSON Robert',280.1,56),(1146,5,'JPN','SATO Yukiya',278.7,56),(1147,6,'POL','STOCH Kamil',277.8,56),(1148,7,'POL','KUBACKI Dawid',275.8,56),(1149,8,'JPN','SATO Keiichi',270.8,56),(1150,9,'SLO','LANISEK Anze',264.6,56),(1151,10,'GER','HAMANN Martin',263.8,56),(1152,11,'AUT','HOERL Jan',263.6,56),(1153,12,'NOR','TANDE Daniel Andre',258.1,56),(1154,13,'JPN','KOBAYASHI Ryoyu',257.9,56),(1155,14,'GER','PASCHKE Pius',257,56),(1156,15,'AUT','ASCHENWALD Philipp',256.1,56),(1157,16,'AUT','KRAFT Stefan',252.5,56),(1158,17,'POL','ZYLA Piotr',245.9,56),(1159,18,'POL','STEKALA Andrzej',240,56),(1160,19,'RUS','NAZAROV Mikhail',238.3,56),(1161,20,'POL','WOLNY Jakub',237.2,56),(1162,21,'GER','FREUND Severin',236.3,56),(1163,22,'GER','SCHMID Constantin',236.1,56),(1164,23,'JPN','NAKAMURA Naoki',234.5,56),(1165,24,'AUT','FETTNER Manuel',233.9,56),(1166,25,'SUI','DESCHWANDEN Gregor',232.3,56),(1167,26,'SLO','BARTOL Tilen',231.4,56),(1168,27,'AUT','HUBER Daniel',229.6,56),(1169,28,'NOR','MARKENG Thomas Aasen',227.2,56),(1170,29,'SLO','ZAJC Timi',207.7,56),(1171,30,'SLO','PREVC Domen',129.7,56),(1172,31,'BUL','ZOGRAFSKI Vladimir',105.2,56),(1173,32,'AUT','HAYBOECK Michael',104,56),(1174,33,'SLO','JELAR Ziga',102.9,56),(1175,34,'AUT','LACKNER Thomas',102.6,56),(1176,35,'CAN','BOYD-CLOWES Mackenzie',102.4,56),(1177,36,'POL','MURANKA Klemens',102,56),(1178,37,'POL','PILCH Tomasz',100.9,56),(1179,38,'GER','GEIGER Karl',99.9,56),(1180,39,'SUI','AMMANN Simon',99.2,56),(1181,40,'FIN','KYTOSAHO Niko',98.3,56),(1182,41,'FIN','AALTO Antti',95.5,56),(1183,42,'NOR','FORFANG Johann Andre',90.8,56),(1184,43,'RUS','KORNILOV Denis',90.3,56),(1185,44,'CZE','KOZISEK Cestmir',82.8,56),(1186,45,'EST','AIGRO Artti',68.4,56),(1187,46,'CZE','POLASEK Viktor',66.9,56),(1188,47,'KAZ','MUMINOV Sabirzhan',59.3,56),(1189,48,'KAZ','TKACHENKO Sergey',52.4,56),(1190,1,'JPN','TAKANASHI Sara',238.4,57),(1191,2,'SLO','KRIZNAR Nika',238,57),(1192,3,'NOR','OPSETH Silje',232.4,57),(1193,4,'AUT','IRASCHKO-STOLZ Daniela',225.5,57),(1194,5,'NOR','LUNDBY Maren',224.7,57),(1195,6,'JPN','MARUYAMA Nozomi',219.1,57),(1196,7,'RUS','AVVAKUMOVA Irina',218.8,57),(1197,8,'GER','ALTHAUS Katharina',217.2,57),(1198,9,'SLO','BOGATAJ Ursa',214.7,57),(1199,10,'SLO','KLINEC Ema',210.6,57),(1200,11,'AUT','SORSCHAG Sophie',209.4,57),(1201,12,'FRA','CLAIR Julia',209.3,57),(1202,13,'GER','RUPPRECHT Anna',207.7,57),(1203,14,'SLO','ROGELJ Spela',207.5,57),(1204,15,'RUS','TIKHONOVA Sofia',207.2,57),(1205,16,'NOR','KVANDAL Eirin Maria',206.8,57),(1206,17,'SLO','BRECL Jerneja',203.4,57),(1207,18,'CZE','ULRICHOVA Klara',202.6,57),(1208,19,'NOR','BJOERSETH Thea Minyan',201.8,57),(1209,20,'GER','VOGT Carina',201.2,57),(1210,21,'JPN','IWABUCHI Kaori',199.9,57),(1211,22,'ITA','MALSINER Jessica',198.4,57),(1212,23,'AUT','EDER Lisa',195.2,57),(1213,24,'AUT','HOELZL Chiara',195.1,57),(1214,25,'FIN','KYKKAENEN Julia',187,57),(1215,26,'GER','GOERLICH Luisa',184.9,57),(1216,27,'AUT','MUEHLBACHER Julia',184.6,57),(1217,28,'ROU','HARALAMBIE Daniela',178.7,57),(1218,29,'SLO','KOMAR Katra',173.7,57),(1219,30,'FRA','PAGNIER Josephine',98.2,57),(1220,31,'POL','TWARDOSZ Anna',87.8,57),(1221,32,'FIN','RAUTIONAHO Jenny',87.4,57),(1222,33,'POL','RAJDA Kinga',82.2,57),(1223,34,'USA','SANKEY Logan',81.5,57),(1224,35,'AUT','WIEGELE Hannah',81.1,57),(1225,36,'RUS','PROKOPIEVA Kristina',76.2,57),(1226,37,'CZE','INDRACKOVA Karolina',73.2,57),(1227,1,'NOR','GRANERUD Halvor Egner',284.2,58),(1228,2,'POL','STOCH Kamil',271.6,58),(1229,3,'SLO','PAVLOVCIC Bor',270.8,58),(1230,4,'POL','ZYLA Piotr',262.9,58),(1231,5,'SLO','LANISEK Anze',261,58),(1232,6,'POL','KUBACKI Dawid',259.7,58),(1233,7,'GER','PASCHKE Pius',251.6,58),(1234,8,'NOR','JOHANSSON Robert',251.4,58),(1235,9,'GER','EISENBICHLER Markus',251,58),(1236,10,'JPN','SATO Yukiya',245.6,58),(1237,11,'JPN','KOBAYASHI Ryoyu',244.4,58),(1238,12,'NOR','FORFANG Johann Andre',242.4,58),(1239,13,'NOR','TANDE Daniel Andre',241.7,58),(1240,14,'POL','WOLNY Jakub',240.1,58),(1241,15,'JPN','SATO Keiichi',238.2,58),(1242,16,'AUT','ASCHENWALD Philipp',233.4,58),(1243,17,'RUS','NAZAROV Mikhail',231.3,58),(1244,18,'AUT','LACKNER Thomas',230.6,58),(1245,19,'AUT','KRAFT Stefan',229.6,58),(1246,20,'SUI','AMMANN Simon',229.2,58),(1247,21,'POL','STEKALA Andrzej',224.8,58),(1248,22,'SLO','PREVC Domen',224.1,58),(1249,23,'FIN','AALTO Antti',223.8,58),(1250,24,'AUT','HAYBOECK Michael',219.7,58),(1251,25,'GER','SCHMID Constantin',219.5,58),(1252,26,'JPN','NAKAMURA Naoki',219.4,58),(1253,27,'AUT','HOERL Jan',218.6,58),(1254,28,'GER','HAMANN Martin',218.1,58),(1255,29,'SLO','JELAR Ziga',209.7,58),(1256,30,'POL','MURANKA Klemens',209.3,58),(1257,31,'GER','FREUND Severin',107.6,58),(1258,32,'GER','GEIGER Karl',107.4,58),(1259,33,'EST','AIGRO Artti',106,58),(1260,34,'BUL','ZOGRAFSKI Vladimir',105.2,58),(1261,35,'SUI','DESCHWANDEN Gregor',103.6,58),(1262,36,'SLO','ZAJC Timi',103.3,58),(1263,37,'NOR','MARKENG Thomas Aasen',102.6,58),(1264,38,'AUT','HUBER Daniel',102.2,58),(1265,39,'JPN','ITO Daiki',102.1,58),(1266,40,'CAN','BOYD-CLOWES Mackenzie',102,58),(1267,41,'NOR','LINDVIK Marius',98.4,58),(1268,42,'AUT','FETTNER Manuel',98.2,58),(1269,43,'FIN','KYTOSAHO Niko',94.9,58),(1270,43,'POL','PILCH Tomasz',94.9,58),(1271,45,'CZE','KOZISEK Cestmir',93.4,58),(1272,46,'RUS','KORNILOV Denis',89.5,58),(1273,47,'SLO','BARTOL Tilen',88.5,58),(1274,48,'KAZ','MUMINOV Sabirzhan',72.7,58),(1275,49,'CZE','POLASEK Viktor',63.3,58),(1276,50,'KAZ','TKACHENKO Sergey',43.3,58),(1277,1,'SLO','KRIZNAR Nika',237.4,59),(1278,2,'SLO','KLINEC Ema',236.6,59),(1279,3,'NOR','KVANDAL Eirin Maria',226.6,59),(1280,4,'AUT','KRAMER Marita',223.6,59),(1281,5,'RUS','AVVAKUMOVA Irina',217.2,59),(1282,6,'AUT','IRASCHKO-STOLZ Daniela',215.2,59),(1283,7,'FRA','PAGNIER Josephine',210.9,59),(1284,8,'NOR','OPSETH Silje',210.8,59),(1285,8,'SLO','BOGATAJ Ursa',210.8,59),(1286,8,'AUT','EDER Lisa',210.8,59),(1287,11,'GER','VOGT Carina',210.3,59),(1288,12,'GER','ALTHAUS Katharina',209.5,59),(1289,13,'AUT','HOELZL Chiara',202.6,59),(1290,14,'JPN','MARUYAMA Nozomi',196.3,59),(1291,15,'RUS','TIKHONOVA Sofia',194.5,59),(1292,16,'SLO','BRECL Jerneja',194.2,59),(1293,17,'FRA','CLAIR Julia',193.9,59),(1294,18,'GER','RUPPRECHT Anna',193.7,59),(1295,18,'SLO','ROGELJ Spela',193.7,59),(1296,20,'AUT','SORSCHAG Sophie',192.8,59),(1297,21,'NOR','STROEM Anna Odine',192.7,59),(1298,21,'JPN','SETO Yuka',192.7,59),(1299,23,'RUS','PROKOPIEVA Kristina',191.8,59),(1300,24,'AUT','MUEHLBACHER Julia',187.9,59),(1301,25,'ROU','HARALAMBIE Daniela',185.7,59),(1302,26,'FIN','RAUTIONAHO Jenny',182.7,59),(1303,27,'FIN','KYKKAENEN Julia',180.7,59),(1304,28,'ITA','MALSINER Jessica',180.4,59),(1305,29,'POL','TWARDOSZ Anna',180,59),(1306,30,'CZE','INDRACKOVA Karolina',179.6,59),(1307,31,'JPN','IWABUCHI Kaori',86.4,59),(1308,32,'RUS','SHPYNEVA Anna',86.3,59),(1309,33,'GER','GOERLICH Luisa',82.3,59),(1310,34,'GER','REISCH Agnes',82.2,59),(1311,34,'RUS','KABLUKOVA Ksenia',82.2,59),(1312,36,'SLO','KOMAR Katra',79,59),(1313,37,'POL','RAJDA Kinga',75.3,59),(1314,38,'USA','JONES Paige',73.8,59),(1315,39,'POL','KONDERLA Nicole',67.7,59),(1316,1,'NOR','GRANERUD Halvor Egner',154.3,60),(1317,2,'POL','ZYLA Piotr',135,60),(1318,3,'GER','EISENBICHLER Markus',132.9,60),(1319,4,'POL','MURANKA Klemens',127.6,60),(1320,5,'NOR','TANDE Daniel Andre',125.9,60),(1321,6,'AUT','KRAFT Stefan',124.5,60),(1322,7,'AUT','HUBER Daniel',121.9,60),(1323,8,'GER','PASCHKE Pius',121.2,60),(1324,9,'SUI','AMMANN Simon',119.4,60),(1325,10,'POL','KUBACKI Dawid',118.9,60),(1326,11,'NOR','JOHANSSON Robert',117.4,60),(1327,12,'SLO','JELAR Ziga',117.2,60),(1328,13,'JPN','SATO Keiichi',117,60),(1329,14,'JPN','KOBAYASHI Ryoyu',116.5,60),(1330,15,'SLO','PAVLOVCIC Bor',115.8,60),(1331,16,'SLO','LANISEK Anze',114.6,60),(1332,17,'GER','FREUND Severin',114.4,60),(1333,18,'POL','WOLNY Jakub',114.2,60),(1334,19,'NOR','HAARE Anders',113.8,60),(1335,20,'EST','AIGRO Artti',113.1,60),(1336,21,'POL','STEKALA Andrzej',110.3,60),(1337,22,'RUS','NAZAROV Mikhail',110,60),(1338,23,'GER','GEIGER Karl',109.3,60),(1339,23,'NOR','FORFANG Johann Andre',109.3,60),(1340,25,'JPN','NAKAMURA Naoki',108.8,60),(1341,26,'NOR','LINDVIK Marius',107.8,60),(1342,27,'POL','STOCH Kamil',107.4,60),(1343,28,'SUI','DESCHWANDEN Gregor',107,60),(1344,29,'SLO','BARTOL Tilen',106.3,60),(1345,30,'AUT','ASCHENWALD Philipp',106.1,60),(1346,31,'GER','HAMANN Martin',105.4,60),(1347,32,'RUS','KORNILOV Denis',103.2,60),(1348,33,'AUT','HOERL Jan',102.1,60),(1349,34,'SUI','PETER Dominik',101.5,60),(1350,35,'CZE','KOZISEK Cestmir',100.6,60),(1351,36,'CAN','BOYD-CLOWES Mackenzie',99.2,60),(1352,37,'JPN','ITO Daiki',97.4,60),(1353,38,'CZE','POLASEK Viktor',95.1,60),(1354,39,'SLO','KOS Lovro',93.3,60),(1355,40,'POL','ZNISZCZOL Aleksander',92.7,60),(1356,41,'AUT','HAYBOECK Michael',92.1,60),(1357,42,'ITA','INSAM Alex',91.7,60),(1358,43,'SLO','ZAJC Timi',91.5,60),(1359,44,'BUL','ZOGRAFSKI Vladimir',90.3,60),(1360,45,'JPN','SATO Yukiya',89.7,60),(1361,46,'FIN','AALTO Antti',89.5,60),(1362,47,'SUI','SCHULER Andreas',85.2,60),(1363,48,'GER','SCHMID Constantin',85,60),(1364,49,'FIN','KYTOSAHO Niko',80.8,60),(1365,49,'AUT','STEINER Maximilian',80.8,60),(1366,51,'CZE','STURSA Vojtech',78.9,60),(1367,52,'KAZ','MUMINOV Sabirzhan',63,60),(1368,53,'RUS','TROFIMOV Roman Sergeevich',61.6,60),(1369,54,'KAZ','VASSILYEV Danil',40.8,60),(1370,1,'AUT','KRAMER Marita',265.7,61),(1371,2,'JPN','TAKANASHI Sara',263.5,61),(1372,3,'NOR','OPSETH Silje',253.2,61),(1373,4,'AUT','IRASCHKO-STOLZ Daniela',251.2,61),(1374,5,'SLO','KLINEC Ema',251,61),(1375,6,'SLO','KRIZNAR Nika',249.3,61),(1376,7,'AUT','SORSCHAG Sophie',245.6,61),(1377,8,'NOR','LUNDBY Maren',244.4,61),(1378,9,'JPN','ITO Yuki',240.1,61),(1379,10,'SLO','BRECL Jerneja',238.5,61),(1380,11,'RUS','AVVAKUMOVA Irina',238.1,61),(1381,12,'GER','ALTHAUS Katharina',238,61),(1382,13,'SLO','BOGATAJ Ursa',234.9,61),(1383,14,'NOR','KVANDAL Eirin Maria',233.5,61),(1384,15,'AUT','HOELZL Chiara',217.8,61),(1385,16,'JPN','MARUYAMA Nozomi',212.1,61),(1386,17,'NOR','BJOERSETH Thea Minyan',208.9,61),(1387,18,'FRA','CLAIR Julia',207.5,61),(1388,19,'NOR','STROEM Anna Odine',207.3,61),(1389,20,'ITA','MALSINER Jessica',193,61),(1390,21,'FRA','PAGNIER Josephine',192.2,61),(1391,22,'AUT','EDER Lisa',187.4,61),(1392,23,'JPN','IWABUCHI Kaori',186,61),(1393,24,'JPN','SETO Yuka',183.4,61),(1394,25,'ITA','MALSINER Lara',182.8,61),(1395,26,'POL','TWARDOSZ Anna',180.7,61),(1396,27,'RUS','SHPYNEVA Anna',177.4,61),(1397,28,'GER','SEYFARTH Juliane',171.5,61),(1398,29,'GER','REISCH Agnes',169,61),(1399,30,'CZE','INDRACKOVA Karolina',168.8,61),(1400,31,'SLO','ROGELJ Spela',80,61),(1401,32,'FIN','KYKKAENEN Julia',79.3,61),(1402,33,'ROU','HARALAMBIE Daniela',79,61),(1403,34,'FIN','RAUTIONAHO Jenny',76.2,61),(1404,35,'POL','RAJDA Kinga',67.8,61),(1405,36,'GER','FREITAG Selina',67,61),(1406,37,'GER','RUPPRECHT Anna',59.4,61),(1407,38,'POL','KONDERLA Nicole',51.4,61),(1408,1,'NOR','GRANERUD Halvor Egner',285.5,62),(1409,2,'NOR','TANDE Daniel Andre',276.6,62),(1410,3,'POL','STOCH Kamil',272.2,62),(1411,4,'SLO','PAVLOVCIC Bor',268.4,62),(1412,5,'POL','KUBACKI Dawid',260.7,62),(1413,6,'NOR','LINDVIK Marius',256.8,62),(1414,7,'JPN','KOBAYASHI Ryoyu',254.8,62),(1415,8,'GER','EISENBICHLER Markus',252.8,62),(1416,9,'POL','ZYLA Piotr',251.1,62),(1417,10,'SLO','LANISEK Anze',248.2,62),(1418,11,'GER','GEIGER Karl',247.3,62),(1419,12,'SUI','AMMANN Simon',244.7,62),(1420,13,'NOR','JOHANSSON Robert',244.5,62),(1421,14,'AUT','ASCHENWALD Philipp',241.3,62),(1422,15,'AUT','HUBER Daniel',237.8,62),(1423,16,'JPN','SATO Keiichi',231.1,62),(1424,17,'POL','WOLNY Jakub',227.9,62),(1425,18,'SLO','JELAR Ziga',227.8,62),(1426,19,'SUI','DESCHWANDEN Gregor',226,62),(1427,20,'POL','STEKALA Andrzej',224.6,62),(1428,21,'AUT','HAYBOECK Michael',224,62),(1429,22,'RUS','NAZAROV Mikhail',223.5,62),(1430,23,'AUT','KRAFT Stefan',222.4,62),(1431,24,'GER','PASCHKE Pius',219.8,62),(1432,25,'BUL','ZOGRAFSKI Vladimir',216.5,62),(1433,26,'JPN','NAKAMURA Naoki',215.4,62),(1434,27,'JPN','SATO Yukiya',212.7,62),(1435,28,'NOR','HAARE Anders',210.3,62),(1436,29,'JPN','ITO Daiki',201.4,62),(1437,30,'CAN','BOYD-CLOWES Mackenzie',199.4,62),(1438,31,'GER','SCHMID Constantin',102.4,62),(1439,32,'POL','MURANKA Klemens',102.2,62),(1440,33,'GER','HAMANN Martin',101.3,62),(1441,34,'POL','ZNISZCZOL Aleksander',101.1,62),(1442,35,'AUT','STEINER Maximilian',100.3,62),(1443,36,'FIN','AALTO Antti',99.6,62),(1444,37,'GER','FREUND Severin',99.1,62),(1445,38,'AUT','BACHLINGER Niklas',97.4,62),(1446,39,'AUT','HOERL Jan',97,62),(1447,40,'RUS','KORNILOV Denis',96.4,62),(1448,41,'ITA','INSAM Alex',95.9,62),(1449,42,'SLO','ZAJC Timi',89.4,62),(1450,43,'SLO','BARTOL Tilen',88.6,62),(1451,44,'SUI','SCHULER Andreas',88.1,62),(1452,45,'NOR','FORFANG Johann Andre',87.1,62),(1453,46,'RUS','TROFIMOV Roman Sergeevich',85.2,62),(1454,47,'CZE','KOZISEK Cestmir',80.7,62),(1455,48,'FIN','KYTOSAHO Niko',63.6,62),(1456,49,'CZE','STURSA Vojtech',62.9,62),(1457,1,'AUT','KRAMER Marita',257.7,63),(1458,2,'NOR','OPSETH Silje',254,63),(1459,3,'SLO','KLINEC Ema',245.5,63),(1460,4,'NOR','LUNDBY Maren',242,63),(1461,5,'SLO','KRIZNAR Nika',236.9,63),(1462,6,'NOR','KVANDAL Eirin Maria',235.1,63),(1463,7,'JPN','TAKANASHI Sara',232.6,63),(1464,8,'JPN','ITO Yuki',212,63),(1465,9,'GER','ALTHAUS Katharina',209.6,63),(1466,10,'AUT','IRASCHKO-STOLZ Daniela',207.9,63),(1467,11,'AUT','HOELZL Chiara',203.6,63),(1468,12,'RUS','AVVAKUMOVA Irina',200.3,63),(1469,13,'SLO','BRECL Jerneja',193.4,63),(1470,14,'AUT','SORSCHAG Sophie',192.7,63),(1471,15,'FRA','CLAIR Julia',190.4,63),(1472,16,'JPN','IWABUCHI Kaori',187.9,63),(1473,17,'NOR','BJOERSETH Thea Minyan',187.3,63),(1474,18,'ITA','MALSINER Jessica',183.9,63),(1475,19,'JPN','MARUYAMA Nozomi',183.8,63),(1476,20,'SLO','BOGATAJ Ursa',183.2,63),(1477,21,'FIN','KYKKAENEN Julia',179.8,63),(1478,22,'AUT','EDER Lisa',174.7,63),(1479,23,'FRA','PAGNIER Josephine',173.1,63),(1480,24,'CZE','INDRACKOVA Karolina',168.7,63),(1481,25,'GER','RUPPRECHT Anna',168.6,63),(1482,26,'JPN','SETO Yuka',168.2,63),(1483,27,'NOR','STROEM Anna Odine',155.8,63),(1484,28,'ITA','MALSINER Lara',154.4,63),(1485,29,'GER','SEYFARTH Juliane',152.9,63),(1486,30,'POL','TWARDOSZ Anna',150.9,63),(1487,31,'POL','RAJDA Kinga',76.2,63),(1488,32,'RUS','SHPYNEVA Anna',74.9,63),(1489,33,'POL','KONDERLA Nicole',71.1,63),(1490,34,'GER','WUERTH Svenja',70,63),(1491,35,'RUS','TIKHONOVA Sofia',69.7,63),(1492,36,'POL','KARPIEL Kamila',62.8,63),(1493,37,'GER','REISCH Agnes',62.3,63),(1494,38,'SLO','KOMAR Katra',61.5,63),(1495,39,'CAN','STRATE Abigail',59.5,63),(1496,40,'RUS','MAKHINIA Irma',54.2,63),(1497,1,'NOR','JOHANSSON Robert',265.9,64),(1498,2,'GER','EISENBICHLER Markus',264.2,64),(1499,3,'GER','GEIGER Karl',264,64),(1500,4,'NOR','GRANERUD Halvor Egner',263.5,64),(1501,5,'AUT','KRAFT Stefan',257.8,64),(1502,6,'NOR','TANDE Daniel Andre',257.6,64),(1503,7,'SLO','LANISEK Anze',255.4,64),(1504,8,'AUT','HAYBOECK Michael',254.3,64),(1505,9,'JPN','KOBAYASHI Ryoyu',252.7,64),(1506,10,'GER','PASCHKE Pius',251.5,64),(1507,11,'POL','ZYLA Piotr',251.2,64),(1508,12,'SLO','PREVC Peter',250.8,64),(1509,13,'NOR','FORFANG Johann Andre',249.5,64),(1510,14,'AUT','ASCHENWALD Philipp',248.6,64),(1511,15,'POL','STEKALA Andrzej',248,64),(1512,16,'POL','STOCH Kamil',247.4,64),(1513,17,'AUT','HUBER Daniel',247,64),(1514,18,'JPN','SATO Yukiya',244.7,64),(1515,19,'NOR','MARKENG Thomas Aasen',244.1,64),(1516,20,'JPN','SATO Keiichi',243.4,64),(1517,21,'SLO','PAVLOVCIC Bor',240.5,64),(1518,22,'POL','WOLNY Jakub',239.9,64),(1519,23,'POL','KUBACKI Dawid',239.7,64),(1520,24,'FIN','KYTOSAHO Niko',238.7,64),(1521,25,'CAN','BOYD-CLOWES Mackenzie',235.8,64),(1522,26,'SUI','DESCHWANDEN Gregor',232,64),(1523,27,'GER','FREUND Severin',231.7,64),(1524,28,'GER','HAMANN Martin',222,64),(1525,29,'POL','ZNISZCZOL Aleksander',219.7,64),(1526,30,'SLO','PREVC Domen',178.7,64),(1527,31,'JPN','KOBAYASHI Junshiro',112,64),(1528,32,'POL','WASEK Pawel',111.8,64),(1529,33,'NOR','LINDVIK Marius',111.7,64),(1530,34,'JPN','IWASA Yuken',111.2,64),(1531,35,'FIN','MAATTA Jarkko',110.9,64),(1532,36,'FIN','AALTO Antti',109.9,64),(1533,37,'GER','SCHMID Constantin',109.4,64),(1534,38,'EST','AIGRO Artti',108,64),(1535,39,'AUT','HOERL Jan',106,64),(1536,40,'SLO','BARTOL Tilen',105.5,64),(1537,41,'SLO','JELAR Ziga',104.3,64),(1538,42,'SUI','PETER Dominik',102.9,64),(1539,43,'SUI','SCHULER Andreas',99.7,64),(1540,44,'FIN','NOUSIAINEN Eetu',97.3,64),(1541,45,'USA','URLAUB Andrew',93.9,64),(1542,46,'USA','DEAN Decker',92.9,64),(1543,47,'SUI','HAUSWIRTH Sandro',79.5,64),(1544,48,'EST','MALTSEV Kevin',76.4,64),(1545,49,'AUT','STEINER Maximilian',73.6,64),(1546,50,'USA','LARSON Casey',64.2,64),(1547,1,'NOR','KVANDAL Eirin Maria',244.2,65),(1548,2,'SLO','KLINEC Ema',242.8,65),(1549,3,'AUT','KRAMER Marita',238.1,65),(1550,4,'JPN','TAKANASHI Sara',237,65),(1551,5,'NOR','LUNDBY Maren',233.1,65),(1552,6,'GER','ALTHAUS Katharina',222.6,65),(1553,7,'AUT','IRASCHKO-STOLZ Daniela',220.7,65),(1554,8,'NOR','BJOERSETH Thea Minyan',220.5,65),(1555,9,'AUT','SORSCHAG Sophie',218,65),(1556,10,'SLO','KRIZNAR Nika',216.4,65),(1557,11,'SLO','BOGATAJ Ursa',215.9,65),(1558,12,'JPN','MARUYAMA Nozomi',214.3,65),(1559,13,'GER','RUPPRECHT Anna',212.3,65),(1560,13,'NOR','STROEM Anna Odine',212.3,65),(1561,15,'NOR','OPSETH Silje',210.5,65),(1562,16,'RUS','AVVAKUMOVA Irina',210.3,65),(1563,17,'RUS','MAKHINIA Irma',206.9,65),(1564,18,'ITA','MALSINER Lara',206.7,65),(1565,19,'AUT','EDER Lisa',205.4,65),(1566,20,'FRA','CLAIR Julia',204.8,65),(1567,21,'ITA','MALSINER Jessica',204.3,65),(1568,22,'GER','VOGT Carina',201.5,65),(1569,23,'AUT','HOELZL Chiara',200.8,65),(1570,24,'SLO','ROGELJ Spela',199,65),(1571,25,'GER','GOERLICH Luisa',193.7,65),(1572,26,'FIN','KYKKAENEN Julia',193.2,65),(1573,27,'FIN','RAUTIONAHO Jenny',188.7,65),(1574,28,'RUS','TIKHONOVA Sofia',188.4,65),(1575,29,'CZE','ULRICHOVA Klara',185.5,65),(1576,30,'POL','RAJDA Kinga',178.9,65),(1577,31,'USA','JONES Paige',91.2,65),(1578,31,'CAN','STRATE Abigail',91.2,65),(1579,33,'POL','KARPIEL Kamila',86.1,65),(1580,34,'RUS','KABLUKOVA Ksenia',85.6,65),(1581,35,'SLO','VETRIH Nika',85,65),(1582,36,'FRA','AVOCAT GROS Oceane',83.3,65),(1583,36,'SLO','REPINC ZUPANCIC Jerneja',83.3,65),(1584,38,'SLO','KOMAR Katra',82.6,65),(1585,39,'FIN','FORSSTROEM Susanna',77.1,65),(1586,1,'NOR','LINDVIK Marius',296.5,66),(1587,2,'SLO','LANISEK Anze',294.2,66),(1588,3,'NOR','JOHANSSON Robert',292.9,66),(1589,4,'AUT','HUBER Daniel',288.9,66),(1590,5,'POL','STEKALA Andrzej',284.7,66),(1591,6,'JPN','KOBAYASHI Ryoyu',282.4,66),(1592,7,'JPN','SATO Yukiya',279.8,66),(1593,8,'GER','EISENBICHLER Markus',279.1,66),(1594,8,'SLO','PREVC Domen',279.1,66),(1595,10,'NOR','TANDE Daniel Andre',278.3,66),(1596,11,'POL','STOCH Kamil',276.7,66),(1597,12,'SLO','BARTOL Tilen',274.3,66),(1598,13,'GER','PASCHKE Pius',273.9,66),(1599,14,'AUT','HAYBOECK Michael',273.1,66),(1600,15,'POL','KUBACKI Dawid',272.7,66),(1601,16,'GER','FREUND Severin',271.4,66),(1602,17,'GER','HAMANN Martin',271.2,66),(1603,18,'JPN','KOBAYASHI Junshiro',269.9,66),(1604,19,'FIN','AALTO Antti',268.7,66),(1605,20,'AUT','ASCHENWALD Philipp',267,66),(1606,21,'JPN','SATO Keiichi',266.9,66),(1607,22,'SLO','JELAR Ziga',266.3,66),(1608,23,'NOR','GRANERUD Halvor Egner',266,66),(1609,24,'SLO','PREVC Cene',261.8,66),(1610,25,'GER','GEIGER Karl',260.3,66),(1611,26,'CAN','BOYD-CLOWES Mackenzie',257.6,66),(1612,27,'POL','MURANKA Klemens',256,66),(1613,28,'POL','WASEK Pawel',244.9,66),(1614,28,'AUT','HOERL Jan',244.9,66),(1615,30,'ITA','INSAM Alex',224.8,66),(1616,31,'SLO','PREVC Peter',120.1,66),(1617,32,'NOR','FORFANG Johann Andre',118.8,66),(1618,33,'POL','WOLNY Jakub',118.7,66),(1619,34,'NOR','MARKENG Thomas Aasen',117.8,66),(1620,35,'FIN','KYTOSAHO Niko',117.5,66),(1621,36,'SUI','DESCHWANDEN Gregor',114.8,66),(1622,37,'FIN','NOUSIAINEN Eetu',113.7,66),(1623,38,'AUT','SCHLIERENZAUER Gregor',113.1,66),(1624,39,'SUI','PETER Dominik',112.7,66),(1625,40,'AUT','LACKNER Thomas',112.1,66),(1626,41,'SLO','PAVLOVCIC Bor',110.8,66),(1627,42,'EST','AIGRO Artti',110.4,66),(1628,43,'GER','SCHMID Constantin',108.8,66),(1629,44,'SUI','SCHULER Andreas',108,66),(1630,45,'FIN','MAATTA Jarkko',106.9,66),(1631,46,'USA','DEAN Decker',105.8,66),(1632,47,'JPN','IWASA Yuken',97.4,66),(1633,48,'ITA','BRESADOLA Giovanni',91.8,66),(1634,49,'CAN','SOUKUP Matthew',88.1,66),(1635,50,'USA','LARSON Casey',80.6,66),(1636,1,'NOR','GRANERUD Halvor Egner',299.4,67),(1637,2,'NOR','TANDE Daniel Andre',297,67),(1638,3,'AUT','KRAFT Stefan',291.3,67),(1639,4,'GER','EISENBICHLER Markus',288.7,67),(1640,5,'NOR','LINDVIK Marius',288.4,67),(1641,6,'POL','KUBACKI Dawid',287,67),(1642,7,'JPN','KOBAYASHI Ryoyu',280.3,67),(1643,8,'JPN','SATO Yukiya',279.2,67),(1644,9,'POL','WOLNY Jakub',278.5,67),(1645,10,'AUT','HUBER Daniel',276,67),(1646,11,'GER','GEIGER Karl',272.6,67),(1647,12,'GER','PASCHKE Pius',272.2,67),(1648,13,'SLO','PREVC Peter',270.9,67),(1649,14,'AUT','HAYBOECK Michael',269.9,67),(1650,15,'SLO','LANISEK Anze',269.2,67),(1651,16,'POL','ZYLA Piotr',266.6,67),(1652,17,'POL','STOCH Kamil',265.7,67),(1653,18,'RUS','NAZAROV Mikhail',262.4,67),(1654,19,'RUS','KLIMOV Evgeniy',261.7,67),(1655,20,'NOR','JOHANSSON Robert',259.6,67),(1656,21,'POL','STEKALA Andrzej',258.3,67),(1657,22,'JPN','NAKAMURA Naoki',253.3,67),(1658,23,'JPN','KOBAYASHI Junshiro',253.1,67),(1659,24,'GER','FREUND Severin',252.1,67),(1660,25,'FIN','KYTOSAHO Niko',250.7,67),(1661,26,'SLO','JELAR Ziga',246.5,67),(1662,27,'AUT','ASCHENWALD Philipp',245.7,67),(1663,28,'POL','ZNISZCZOL Aleksander',240.4,67),(1664,29,'AUT','LACKNER Thomas',240.2,67),(1665,30,'POL','WASEK Pawel',237,67),(1666,31,'SUI','DESCHWANDEN Gregor',119.9,67),(1667,32,'GER','SCHMID Constantin',118.9,67),(1668,33,'FIN','AALTO Antti',118.3,67),(1669,34,'NOR','FORFANG Johann Andre',117.7,67),(1670,35,'CAN','BOYD-CLOWES Mackenzie',117.2,67),(1671,36,'SLO','PREVC Cene',117.1,67),(1672,37,'SLO','BARTOL Tilen',112.5,67),(1673,38,'EST','AIGRO Artti',111.6,67),(1674,39,'GER','HAMANN Martin',110.9,67),(1675,40,'BUL','ZOGRAFSKI Vladimir',109.1,67),(1676,41,'ITA','BRESADOLA Giovanni',105.2,67),(1677,42,'SLO','PREVC Domen',97.8,67),(1678,43,'AUT','SCHIFFNER Markus',94.8,67),(1679,44,'FRA','FOUBERT Valentin',92.9,67),(1680,45,'JPN','SATO Keiichi',90.6,67),(1681,46,'AUT','STEINER Maximilian',90.1,67),(1682,47,'CZE','POLASEK Viktor',89.3,67),(1683,48,'CZE','KOZISEK Cestmir',89.1,67),(1684,49,'ITA','INSAM Alex',84.9,67),(1685,50,'FRA','CONTAMINE Mathis',72.7,67),(1686,1,'POL','STOCH Kamil',281.6,68),(1687,2,'NOR','GRANERUD Halvor Egner',277.6,68),(1688,3,'POL','ZYLA Piotr',270.8,68),(1689,4,'GER','EISENBICHLER Markus',268.7,68),(1690,5,'POL','STEKALA Andrzej',265.2,68),(1691,6,'NOR','JOHANSSON Robert',263.3,68),(1692,7,'POL','KUBACKI Dawid',262.3,68),(1693,8,'NOR','LINDVIK Marius',259.2,68),(1694,9,'AUT','KRAFT Stefan',255.7,68),(1695,10,'JPN','KOBAYASHI Ryoyu',252.4,68),(1696,11,'POL','WOLNY Jakub',252,68),(1697,12,'SLO','LANISEK Anze',247.7,68),(1698,13,'NOR','FORFANG Johann Andre',246.4,68),(1699,14,'GER','HAMANN Martin',243.9,68),(1700,15,'AUT','HAYBOECK Michael',238.5,68),(1701,16,'AUT','HUBER Daniel',237.3,68),(1702,17,'GER','PASCHKE Pius',235.3,68),(1703,18,'JPN','SATO Yukiya',230.5,68),(1704,19,'AUT','ASCHENWALD Philipp',229.4,68),(1705,20,'FIN','KYTOSAHO Niko',228,68),(1706,21,'SLO','PREVC Peter',227.9,68),(1707,21,'FIN','AALTO Antti',227.9,68),(1708,23,'GER','FREUND Severin',227.4,68),(1709,24,'EST','AIGRO Artti',224.7,68),(1710,25,'GER','GEIGER Karl',224.2,68),(1711,26,'GER','SCHMID Constantin',221.5,68),(1712,27,'CAN','BOYD-CLOWES Mackenzie',219.9,68),(1713,28,'POL','WASEK Pawel',215.3,68),(1714,29,'AUT','LACKNER Thomas',213.7,68),(1715,30,'BUL','ZOGRAFSKI Vladimir',207.2,68),(1716,31,'JPN','SATO Keiichi',106.5,68),(1717,32,'SUI','DESCHWANDEN Gregor',105.7,68),(1718,33,'JPN','KOBAYASHI Junshiro',105.4,68),(1719,34,'SLO','BARTOL Tilen',105.3,68),(1720,35,'RUS','NAZAROV Mikhail',104.9,68),(1721,36,'POL','ZNISZCZOL Aleksander',104.2,68),(1722,37,'SLO','PREVC Cene',101.4,68),(1723,38,'CZE','KOZISEK Cestmir',101.1,68),(1724,39,'SLO','JELAR Ziga',100.6,68),(1725,40,'SLO','PREVC Domen',100.2,68),(1726,41,'RUS','KLIMOV Evgeniy',99.8,68),(1727,42,'FRA','FOUBERT Valentin',98.4,68),(1728,43,'ITA','BRESADOLA Giovanni',93.7,68),(1729,44,'NOR','TANDE Daniel Andre',92.1,68),(1730,45,'AUT','SCHIFFNER Markus',88.8,68),(1731,46,'ITA','INSAM Alex',87,68),(1732,47,'CZE','POLASEK Viktor',83.1,68),(1733,48,'JPN','NAKAMURA Naoki',72.4,68),(1734,49,'AUT','STEINER Maximilian',59.8,68),(1735,50,'FRA','CONTAMINE Mathis',31.7,68),(1736,1,'POL','STOCH Kamil',300.7,69),(1737,2,'NOR','LINDVIK Marius',280.4,69),(1738,3,'GER','GEIGER Karl',277.3,69),(1739,4,'AUT','KRAFT Stefan',275.9,69),(1740,5,'NOR','JOHANSSON Robert',274.8,69),(1741,6,'AUT','HAYBOECK Michael',274.6,69),(1742,7,'POL','ZYLA Piotr',273.9,69),(1743,8,'POL','STEKALA Andrzej',272.2,69),(1744,9,'JPN','SATO Yukiya',270.5,69),(1745,10,'AUT','HUBER Daniel',268.9,69),(1746,11,'NOR','TANDE Daniel Andre',268.5,69),(1747,12,'SLO','PREVC Peter',268.1,69),(1748,12,'NOR','GRANERUD Halvor Egner',268.1,69),(1749,14,'JPN','KOBAYASHI Ryoyu',265.8,69),(1750,15,'POL','KUBACKI Dawid',263.1,69),(1751,16,'JPN','SATO Keiichi',262.7,69),(1752,17,'JPN','KOBAYASHI Junshiro',261.9,69),(1753,18,'GER','SCHMID Constantin',260.4,69),(1754,19,'FIN','AALTO Antti',247.3,69),(1755,20,'GER','FREUND Severin',244.8,69),(1756,21,'RUS','NAZAROV Mikhail',244.4,69),(1757,22,'AUT','ASCHENWALD Philipp',241.8,69),(1758,23,'RUS','KLIMOV Evgeniy',237.2,69),(1759,24,'AUT','SCHIFFNER Markus',233.3,69),(1760,25,'POL','ZNISZCZOL Aleksander',231.9,69),(1761,26,'NOR','FORFANG Johann Andre',229.2,69),(1762,27,'SLO','JELAR Ziga',228.4,69),(1763,28,'AUT','LEITNER Clemens',228.1,69),(1764,29,'GER','PASCHKE Pius',226,69),(1765,30,'AUT','TSCHOFENIG Daniel',219.5,69),(1766,31,'SLO','BARTOL Tilen',113.1,69),(1767,32,'POL','MURANKA Klemens',111.2,69),(1768,33,'FIN','KYTOSAHO Niko',109.1,69),(1769,34,'JPN','NAKAMURA Naoki',108.9,69),(1770,35,'GER','EISENBICHLER Markus',108.8,69),(1771,36,'SUI','DESCHWANDEN Gregor',108,69),(1772,37,'GER','HAMANN Martin',106.2,69),(1773,38,'SLO','PREVC Domen',105.3,69),(1774,39,'AUT','LACKNER Thomas',104.1,69),(1775,40,'AUT','FETTNER Manuel',103.2,69),(1776,41,'ITA','BRESADOLA Giovanni',101,69),(1777,42,'AUT','RAINER Stefan',100.5,69),(1778,43,'AUT','STEINER Maximilian',99.5,69),(1779,44,'BUL','ZOGRAFSKI Vladimir',98.3,69),(1780,45,'EST','AIGRO Artti',96.3,69),(1781,46,'CAN','SOUKUP Matthew',96.2,69),(1782,47,'USA','DEAN Decker',91.6,69),(1783,48,'POL','KOT Maciej',91.4,69),(1784,49,'SUI','AMMANN Simon',91,69),(1785,1,'POL','STOCH Kamil',261.6,70),(1786,2,'SLO','LANISEK Anze',249.6,70),(1787,3,'POL','KUBACKI Dawid',248.3,70),(1788,4,'POL','ZYLA Piotr',246.2,70),(1789,5,'JPN','SATO Yukiya',245.6,70),(1790,6,'GER','EISENBICHLER Markus',245,70),(1791,7,'JPN','KOBAYASHI Ryoyu',244.3,70),(1792,8,'AUT','KRAFT Stefan',243.5,70),(1793,9,'AUT','HAYBOECK Michael',242.5,70),(1794,10,'SUI','DESCHWANDEN Gregor',240.6,70),(1795,11,'SLO','PREVC Peter',239.4,70),(1796,12,'NOR','JOHANSSON Robert',238.2,70),(1797,13,'GER','HAMANN Martin',235.4,70),(1798,14,'NOR','TANDE Daniel Andre',235.2,70),(1799,15,'NOR','GRANERUD Halvor Egner',234.3,70),(1800,16,'GER','GEIGER Karl',234.2,70),(1801,17,'AUT','HUBER Daniel',233.8,70),(1802,18,'POL','STEKALA Andrzej',233.3,70),(1803,19,'POL','ZNISZCZOL Aleksander',232.9,70),(1804,20,'JPN','SATO Keiichi',231.8,70),(1805,21,'FIN','KYTOSAHO Niko',231.7,70),(1806,22,'AUT','ASCHENWALD Philipp',231,70),(1807,23,'SLO','PREVC Cene',228.4,70),(1808,24,'AUT','STEINER Maximilian',226.7,70),(1809,25,'NOR','FORFANG Johann Andre',226.5,70),(1810,26,'RUS','NAZAROV Mikhail',224.2,70),(1811,27,'FIN','AALTO Antti',224.1,70),(1812,28,'AUT','LACKNER Thomas',223,70),(1813,29,'CAN','BOYD-CLOWES Mackenzie',222.8,70),(1814,30,'SLO','PREVC Domen',221,70),(1815,31,'POL','KOT Maciej',115,70),(1816,32,'AUT','SCHLIERENZAUER Gregor',114,70),(1817,33,'AUT','LEITNER Clemens',113.6,70),(1818,34,'JPN','KOBAYASHI Junshiro',113.5,70),(1819,35,'SLO','JELAR Ziga',113.1,70),(1820,36,'GER','FREUND Severin',112.6,70),(1821,37,'GER','PASCHKE Pius',111.8,70),(1822,38,'AUT','SCHIFFNER Markus',107.8,70),(1823,39,'GER','SCHMID Constantin',102.1,70),(1824,40,'EST','AIGRO Artti',100.2,70),(1825,41,'POL','MURANKA Klemens',99.6,70),(1826,42,'AUT','HOERL Jan',97,70),(1827,43,'SUI','AMMANN Simon',95.3,70),(1828,43,'NOR','ERIKSEN Sander Vossan',95.3,70),(1829,45,'CZE','POLASEK Viktor',94,70),(1830,46,'BUL','ZOGRAFSKI Vladimir',92.6,70),(1831,47,'RUS','KLIMOV Evgeniy',88.3,70),(1832,48,'USA','DEAN Decker',86.8,70),(1833,49,'AUT','KAHOFER Timon-Pascal',86.2,70),(1834,50,'AUT','FETTNER Manuel',85.8,70),(1835,1,'POL','KUBACKI Dawid',282.1,71),(1836,2,'NOR','GRANERUD Halvor Egner',274.9,71),(1837,3,'POL','ZYLA Piotr',260.4,71),(1838,4,'POL','STOCH Kamil',260,71),(1839,5,'GER','GEIGER Karl',259.9,71),(1840,6,'AUT','ASCHENWALD Philipp',257.7,71),(1841,7,'JPN','KOBAYASHI Ryoyu',257.2,71),(1842,7,'GER','EISENBICHLER Markus',257.2,71),(1843,9,'NOR','FORFANG Johann Andre',256.2,71),(1844,10,'POL','STEKALA Andrzej',253.7,71),(1845,11,'GER','HAMANN Martin',251.7,71),(1846,12,'SLO','LANISEK Anze',250.7,71),(1847,13,'SLO','PREVC Peter',249.1,71),(1848,14,'AUT','HUBER Daniel',246.6,71),(1849,15,'NOR','TANDE Daniel Andre',244.4,71),(1850,16,'GER','PASCHKE Pius',238.9,71),(1851,17,'JPN','KOBAYASHI Junshiro',237.9,71),(1852,18,'NOR','JOHANSSON Robert',237.5,71),(1853,19,'SUI','DESCHWANDEN Gregor',236.7,71),(1854,20,'RUS','NAZAROV Mikhail',236.3,71),(1855,21,'AUT','HOERL Jan',235.3,71),(1856,22,'POL','MURANKA Klemens',232,71),(1857,23,'AUT','LACKNER Thomas',231.5,71),(1858,23,'CAN','BOYD-CLOWES Mackenzie',231.5,71),(1859,25,'FIN','AALTO Antti',227,71),(1860,26,'JPN','SATO Keiichi',226.7,71),(1861,27,'GER','FREITAG Richard',226.4,71),(1862,28,'AUT','KRAFT Stefan',226.1,71),(1863,29,'SLO','PREVC Cene',223.3,71),(1864,30,'JPN','SATO Yukiya',211.9,71),(1865,31,'BUL','ZOGRAFSKI Vladimir',111.9,71),(1866,32,'JPN','NAKAMURA Naoki',108.5,71),(1867,33,'AUT','SCHIFFNER Markus',108.4,71),(1868,34,'AUT','HAYBOECK Michael',108.3,71),(1869,35,'POL','ZNISZCZOL Aleksander',108.2,71),(1870,35,'POL','KOT Maciej',108.2,71),(1871,37,'SLO','PREVC Domen',107.2,71),(1872,38,'EST','AIGRO Artti',104.9,71),(1873,39,'GER','FREUND Severin',104.1,71),(1874,40,'SLO','JELAR Ziga',103.7,71),(1875,41,'NOR','ERIKSEN Sander Vossan',100.4,71),(1876,42,'SUI','PETER Dominik',97.8,71),(1877,43,'GER','BAER Moritz',97.5,71),(1878,44,'SLO','PAVLOVCIC Bor',95.7,71),(1879,45,'GER','SIEGEL David',93.5,71),(1880,46,'CZE','POLASEK Viktor',92.9,71),(1881,47,'GER','SCHMID Constantin',91,71),(1882,48,'CZE','KOZISEK Cestmir',89.4,71),(1883,49,'FIN','KYTOSAHO Niko',89.2,71),(1884,50,'RUS','KLIMOV Evgeniy',6.9,71),(1885,1,'GER','GEIGER Karl',291.1,72),(1886,2,'POL','STOCH Kamil',288.3,72),(1887,3,'NOR','LINDVIK Marius',285.2,72),(1888,4,'NOR','GRANERUD Halvor Egner',280.1,72),(1889,5,'GER','EISENBICHLER Markus',274.3,72),(1890,6,'AUT','KRAFT Stefan',273.6,72),(1891,7,'POL','STEKALA Andrzej',273.3,72),(1892,8,'AUT','ASCHENWALD Philipp',273,72),(1893,9,'SLO','LANISEK Anze',270.1,72),(1894,10,'SLO','JELAR Ziga',269.8,72),(1895,11,'AUT','HOERL Jan',266.7,72),(1896,12,'SLO','PREVC Domen',266.2,72),(1897,13,'AUT','HUBER Daniel',265.4,72),(1898,14,'JPN','KOBAYASHI Ryoyu',265.2,72),(1899,15,'POL','KUBACKI Dawid',264.3,72),(1900,16,'JPN','SATO Keiichi',263.8,72),(1901,17,'SLO','PREVC Peter',261.4,72),(1902,18,'JPN','SATO Yukiya',260.7,72),(1903,19,'SLO','PREVC Cene',260,72),(1904,20,'JPN','NAKAMURA Naoki',259,72),(1905,21,'POL','ZYLA Piotr',256.7,72),(1906,22,'NOR','TANDE Daniel Andre',254.8,72),(1907,23,'FIN','AALTO Antti',254,72),(1908,24,'AUT','LACKNER Thomas',251.5,72),(1909,25,'GER','FREUND Severin',249.5,72),(1910,26,'RUS','KLIMOV Evgeniy',245.4,72),(1911,27,'SUI','DESCHWANDEN Gregor',245,72),(1912,28,'JPN','KOBAYASHI Junshiro',243.3,72),(1913,29,'BUL','ZOGRAFSKI Vladimir',243,72),(1914,30,'POL','MURANKA Klemens',238.3,72),(1915,31,'FIN','KYTOSAHO Niko',119.4,72),(1916,32,'SUI','AMMANN Simon',119,72),(1917,33,'GER','PASCHKE Pius',118.8,72),(1918,33,'SLO','PAVLOVCIC Bor',118.8,72),(1919,35,'NOR','FORFANG Johann Andre',118.6,72),(1920,36,'GER','SCHMID Constantin',118,72),(1921,37,'RUS','NAZAROV Mikhail',114.6,72),(1922,38,'GER','SIEGEL David',114.1,72),(1923,39,'NOR','JOHANSSON Robert',113.3,72),(1924,40,'EST','AIGRO Artti',113.1,72),(1925,41,'GER','FREITAG Richard',113,72),(1926,42,'AUT','SCHIFFNER Markus',112.7,72),(1927,43,'GER','HAMANN Martin',112.4,72),(1928,44,'POL','KOT Maciej',112,72),(1929,45,'POL','ZNISZCZOL Aleksander',111.5,72),(1930,46,'GER','WELLINGER Andreas',108.5,72),(1931,47,'CAN','BOYD-CLOWES Mackenzie',108.3,72),(1932,48,'AUT','HAYBOECK Michael',108,72),(1933,48,'GER','BAER Moritz',108,72),(1934,50,'NOR','ERIKSEN Sander Vossan',103.5,72),(1935,51,'CZE','KOZISEK Cestmir',101.4,72),(1936,52,'CZE','POLASEK Viktor',99.7,72),(1937,53,'GER','ROTH Luca',99.5,72),(1938,54,'SUI','PETER Dominik',97.3,72),(1939,55,'FRA','FOUBERT Valentin',96.8,72),(1940,56,'CZE','KOUDELKA Roman',94.7,72),(1941,57,'GER','MAERKL Kilian',94.5,72),(1942,58,'CAN','SOUKUP Matthew',92.3,72),(1943,59,'FRA','CONTAMINE Mathis',91,72),(1944,60,'ITA','BRESADOLA Giovanni',86.2,72),(1945,61,'RUS','MANKOV Ilya',83.6,72),(1946,62,'USA','LARSON Casey',69.7,72),(1947,1,'NOR','GRANERUD Halvor Egner',305.4,73),(1948,2,'GER','EISENBICHLER Markus',303.7,73),(1949,3,'POL','ZYLA Piotr',296.2,73),(1950,4,'SLO','LANISEK Anze',295.6,73),(1951,5,'GER','PASCHKE Pius',294.1,73),(1952,6,'CAN','BOYD-CLOWES Mackenzie',293.8,73),(1953,7,'POL','STOCH Kamil',293.4,73),(1954,8,'POL','KUBACKI Dawid',285.6,73),(1955,9,'JPN','SATO Yukiya',284.8,73),(1956,10,'SLO','PREVC Cene',282.6,73),(1957,11,'NOR','JOHANSSON Robert',279,73),(1958,12,'AUT','HAYBOECK Michael',275.6,73),(1959,13,'AUT','HUBER Daniel',275.2,73),(1960,14,'NOR','LINDVIK Marius',274.9,73),(1961,15,'POL','STEKALA Andrzej',274.7,73),(1962,16,'JPN','KOBAYASHI Ryoyu',272,73),(1963,17,'SLO','PREVC Domen',271.1,73),(1964,18,'FIN','KYTOSAHO Niko',270.9,73),(1965,19,'NOR','TANDE Daniel Andre',269,73),(1966,20,'NOR','FORFANG Johann Andre',268.9,73),(1967,21,'GER','HAMANN Martin',263,73),(1968,22,'POL','MURANKA Klemens',262.7,73),(1969,23,'FIN','AALTO Antti',260.1,73),(1970,24,'AUT','SCHLIERENZAUER Gregor',259.6,73),(1971,25,'SUI','DESCHWANDEN Gregor',259,73),(1972,26,'AUT','FETTNER Manuel',252.2,73),(1973,27,'CZE','POLASEK Viktor',252,73),(1974,28,'EST','AIGRO Artti',244.5,73),(1975,29,'CZE','KOZISEK Cestmir',236.1,73),(1976,30,'CAN','SOUKUP Matthew',227.3,73),(1977,31,'JPN','NAKAMURA Naoki',122.3,73),(1978,32,'GER','WELLINGER Andreas',120.5,73),(1979,33,'SLO','PREVC Peter',120.3,73),(1980,34,'GER','SIEGEL David',119.7,73),(1981,35,'SLO','PAVLOVCIC Bor',119.4,73),(1982,36,'RUS','KLIMOV Evgeniy',119.2,73),(1983,37,'JPN','KOBAYASHI Junshiro',118.2,73),(1984,38,'AUT','ASCHENWALD Philipp',117.3,73),(1985,39,'GER','FREUND Severin',114.3,73),(1986,40,'SLO','JUSTIN Rok',114.1,73),(1987,41,'GER','SCHMID Constantin',113.7,73),(1988,42,'RUS','SADREEV Danil',111.5,73),(1989,43,'SLO','BARTOL Tilen',110.1,73),(1990,44,'SUI','PETER Dominik',107.7,73),(1991,45,'JPN','ITO Daiki',107.2,73),(1992,46,'JPN','SATO Keiichi',106,73),(1993,47,'NOR','ERIKSEN Sander Vossan',105.5,73),(1994,48,'POL','ZNISZCZOL Aleksander',104.3,73),(1995,49,'AUT','LACKNER Thomas',98.8,73),(1996,50,'ITA','BRESADOLA Giovanni',89.1,73),(1997,1,'NOR','GRANERUD Halvor Egner',311.4,74),(1998,2,'POL','STOCH Kamil',309.2,74),(1999,3,'SLO','LANISEK Anze',302.7,74),(2000,4,'GER','EISENBICHLER Markus',301.7,74),(2001,5,'POL','ZYLA Piotr',286.8,74),(2002,6,'GER','PASCHKE Pius',285.8,74),(2003,7,'POL','STEKALA Andrzej',284.4,74),(2004,8,'SLO','PAVLOVCIC Bor',284.3,74),(2005,9,'POL','KUBACKI Dawid',282.6,74),(2006,10,'NOR','LINDVIK Marius',282.5,74),(2007,11,'GER','HAMANN Martin',281.9,74),(2008,12,'AUT','HUBER Daniel',279.8,74),(2009,13,'JPN','KOBAYASHI Ryoyu',278.7,74),(2010,14,'SLO','PREVC Peter',274.3,74),(2011,15,'CAN','BOYD-CLOWES Mackenzie',274.1,74),(2012,16,'AUT','HAYBOECK Michael',272.5,74),(2013,17,'RUS','KLIMOV Evgeniy',266.9,74),(2014,18,'NOR','FORFANG Johann Andre',263.8,74),(2015,19,'JPN','KOBAYASHI Junshiro',263.3,74),(2016,20,'FIN','AALTO Antti',263.2,74),(2017,21,'SLO','BARTOL Tilen',257,74),(2018,22,'NOR','ERIKSEN Sander Vossan',256,74),(2019,23,'JPN','SATO Keiichi',254.7,74),(2020,24,'JPN','ITO Daiki',252.4,74),(2021,25,'POL','ZNISZCZOL Aleksander',249.1,74),(2022,26,'AUT','LACKNER Thomas',248.2,74),(2023,27,'SUI','DESCHWANDEN Gregor',245.5,74),(2024,28,'GER','SCHMID Constantin',240.7,74),(2025,29,'AUT','ASCHENWALD Philipp',237.8,74),(2026,30,'AUT','SCHLIERENZAUER Gregor',222.9,74),(2027,31,'JPN','SATO Yukiya',117.8,74),(2028,32,'SLO','PREVC Domen',116.8,74),(2029,33,'JPN','NAKAMURA Naoki',114.8,74),(2030,34,'POL','MURANKA Klemens',111.3,74),(2031,35,'SLO','JUSTIN Rok',110.9,74),(2032,36,'AUT','FETTNER Manuel',109.7,74),(2033,37,'SLO','PREVC Cene',105.8,74),(2034,38,'CZE','POLASEK Viktor',104.1,74),(2035,39,'SUI','AMMANN Simon',102.6,74),(2036,40,'ITA','BRESADOLA Giovanni',101.5,74),(2037,41,'EST','AIGRO Artti',99.2,74),(2038,42,'SUI','PETER Dominik',98.9,74),(2039,43,'RUS','NAZAROV Mikhail',96.4,74),(2040,44,'NOR','JOHANSSON Robert',96.1,74),(2041,45,'NOR','TANDE Daniel Andre',89.8,74),(2042,46,'CAN','SOUKUP Matthew',86,74),(2043,46,'FIN','KYTOSAHO Niko',86,74),(2044,48,'USA','LARSON Casey',78.4,74),(2045,1,'AUT','KRAMER Marita',253.6,75),(2046,2,'SLO','KRIZNAR Nika',245.1,75),(2047,3,'JPN','TAKANASHI Sara',240.1,75),(2048,4,'SLO','BOGATAJ Ursa',233.8,75),(2049,5,'JPN','ITO Yuki',232,75),(2050,6,'AUT','IRASCHKO-STOLZ Daniela',230.4,75),(2051,7,'NOR','LUNDBY Maren',229.4,75),(2052,8,'GER','RUPPRECHT Anna',228,75),(2053,9,'NOR','OPSETH Silje',227.6,75),(2054,10,'AUT','HOELZL Chiara',226.7,75),(2055,11,'NOR','STROEM Anna Odine',223.1,75),(2056,12,'GER','ALTHAUS Katharina',221.6,75),(2057,13,'GER','FREITAG Selina',220.1,75),(2058,14,'AUT','SORSCHAG Sophie',219.4,75),(2059,15,'FRA','CLAIR Julia',218.7,75),(2060,16,'GER','GOERLICH Luisa',218.1,75),(2061,17,'GER','SEYFARTH Juliane',217.7,75),(2062,18,'RUS','MAKHINIA Irma',214.5,75),(2063,19,'NOR','BJOERSETH Thea Minyan',213.6,75),(2064,20,'ITA','MALSINER Lara',212.4,75),(2065,21,'RUS','TIKHONOVA Sofia',211,75),(2066,22,'SLO','ROGELJ Spela',210.5,75),(2067,23,'RUS','AVVAKUMOVA Irina',209.9,75),(2068,24,'FRA','PAGNIER Josephine',209.3,75),(2069,25,'JPN','MARUYAMA Nozomi',207.5,75),(2070,26,'AUT','EDER Lisa',205.8,75),(2071,27,'SLO','KOMAR Katra',202.4,75),(2072,28,'RUS','SHPYNEVA Anna',200.8,75),(2073,29,'JPN','IWABUCHI Kaori',198.4,75),(2074,30,'GER','REISCH Agnes',191.9,75),(2075,31,'SLO','BRECL Jerneja',94.6,75),(2076,32,'CZE','ULRICHOVA Klara',91.8,75),(2077,33,'NOR','KVANDAL Eirin Maria',90.3,75),(2078,34,'AUT','MUEHLBACHER Julia',90.1,75),(2079,35,'FRA','AVOCAT GROS Oceane',86.1,75),(2080,36,'FIN','KYKKAENEN Julia',83.5,75),(2081,37,'POL','KARPIEL Kamila',81.7,75),(2082,38,'POL','RAJDA Kinga',81.1,75),(2083,39,'USA','BELSHAW Annika',75.9,75),(2084,40,'ITA','MALSINER Manuela',74,75),(2085,1,'NOR','GRANERUD Halvor Egner',241.5,76),(2086,2,'NOR','JOHANSSON Robert',240.7,76),(2087,3,'NOR','LINDVIK Marius',240.6,76),(2088,4,'GER','EISENBICHLER Markus',231.6,76),(2089,5,'JPN','SATO Keiichi',219.8,76),(2090,6,'POL','WASEK Pawel',218.9,76),(2091,7,'NOR','FORFANG Johann Andre',217.9,76),(2092,7,'GER','SCHMID Constantin',217.9,76),(2093,9,'SUI','DESCHWANDEN Gregor',216.5,76),(2094,10,'SLO','ZAJC Timi',215.2,76),(2095,11,'SLO','PAVLOVCIC Bor',210.4,76),(2096,12,'NOR','ERIKSEN Sander Vossan',208.9,76),(2097,13,'SLO','PREVC Peter',208.3,76),(2098,14,'GER','PASCHKE Pius',207.8,76),(2099,15,'JPN','KOBAYASHI Ryoyu',202.6,76),(2100,16,'RUS','NAZAROV Mikhail',199.8,76),(2101,17,'SLO','LANISEK Anze',199.1,76),(2102,18,'GER','FREUND Severin',198.9,76),(2103,19,'POL','ZNISZCZOL Aleksander',198.6,76),(2104,20,'GER','HAMANN Martin',196.5,76),(2105,21,'SLO','SEMENIC Anze',191.1,76),(2106,22,'NOR','HAARE Anders',188.6,76),(2107,23,'RUS','TROFIMOV Roman Sergeevich',185.8,76),(2108,24,'SLO','BARTOL Tilen',184.1,76),(2109,25,'RUS','SADREEV Danil',174.5,76),(2110,26,'SLO','JELAR Ziga',171.9,76),(2111,27,'NOR','TANDE Daniel Andre',163.3,76),(2112,28,'JPN','KOBAYASHI Junshiro',160.6,76),(2113,29,'RUS','KLIMOV Evgeniy',157.8,76),(2114,30,'JPN','SATO Yukiya',157.2,76),(2115,31,'POL','KOT Maciej',89.1,76),(2116,32,'SUI','AMMANN Simon',86.8,76),(2117,33,'RUS','MANKOV Ilya',84,76),(2118,34,'SUI','HAUSWIRTH Sandro',83.2,76),(2119,35,'POL','HULA Stefan',80,76),(2120,36,'SUI','PETER Dominik',76.4,76),(2121,37,'JPN','NAKAMURA Naoki',73.8,76),(2122,38,'JPN','ITO Daiki',73.5,76),(2123,39,'GER','WELLINGER Andreas',71.9,76),(2124,40,'RUS','KORNILOV Denis',68.3,76),(2125,41,'RUS','HAZETDINOV Ilmir',66.8,76),(2126,42,'POL','PILCH Tomasz',61.3,76),(2127,43,'RUS','MATAVIN Nikolai',60.2,76),(2128,44,'POL','WOLNY Jakub',53.2,76),(2129,45,'RUS','SHISHKIN Vadim',40,76),(2130,1,'NOR','GRANERUD Halvor Egner',270,77),(2131,2,'AUT','HUBER Daniel',255.7,77),(2132,3,'NOR','JOHANSSON Robert',254.1,77),(2133,4,'AUT','LACKNER Thomas',249.3,77),(2134,5,'GER','PASCHKE Pius',241.6,77),(2135,6,'POL','ZNISZCZOL Aleksander',230.6,77),(2136,7,'RUS','KLIMOV Evgeniy',230.5,77),(2137,8,'JPN','SATO Yukiya',230.2,77),(2138,9,'SLO','LANISEK Anze',227.3,77),(2139,10,'AUT','SCHIFFNER Markus',223.9,77),(2140,11,'GER','HAMANN Martin',223.5,77),(2141,12,'JPN','KOBAYASHI Ryoyu',223.1,77),(2142,13,'SLO','PAVLOVCIC Bor',222.9,77),(2143,14,'JPN','SATO Keiichi',222.5,77),(2144,15,'POL','WOLNY Jakub',221.7,77),(2145,16,'SUI','PETER Dominik',219.2,77),(2146,17,'SUI','DESCHWANDEN Gregor',218,77),(2147,18,'NOR','TANDE Daniel Andre',216.9,77),(2148,19,'NOR','ERIKSEN Sander Vossan',213.5,77),(2149,20,'NOR','FORFANG Johann Andre',212.7,77),(2150,21,'RUS','NAZAROV Mikhail',212.1,77),(2151,22,'SLO','ZAJC Timi',211.7,77),(2152,23,'AUT','STEINER Maximilian',202,77),(2153,24,'SLO','JELAR Ziga',201.4,77),(2154,25,'POL','KOT Maciej',198.3,77),(2155,26,'NOR','LINDVIK Marius',198.1,77),(2156,27,'RUS','TROFIMOV Roman Sergeevich',197.8,77),(2157,28,'GER','EISENBICHLER Markus',183.6,77),(2158,29,'JPN','NAKAMURA Naoki',176.2,77),(2159,30,'POL','PILCH Tomasz',164.8,77),(2160,31,'JPN','ITO Daiki',104.7,77),(2161,32,'POL','WASEK Pawel',104.3,77),(2162,33,'AUT','FETTNER Manuel',103.6,77),(2163,34,'SLO','SEMENIC Anze',103,77),(2164,35,'SUI','AMMANN Simon',102.7,77),(2165,36,'JPN','KOBAYASHI Junshiro',101,77),(2166,36,'SLO','PREVC Peter',101,77),(2167,38,'GER','SCHMID Constantin',100.4,77),(2168,39,'GER','FREUND Severin',99.5,77),(2169,40,'GER','WELLINGER Andreas',96.4,77),(2170,41,'POL','HULA Stefan',91.9,77),(2171,42,'NOR','HAARE Anders',86.7,77),(2172,43,'RUS','KORNILOV Denis',77.5,77),(2173,44,'SUI','HAUSWIRTH Sandro',77.2,77),(2174,45,'RUS','MATAVIN Nikolai',65.1,77),(2175,46,'RUS','SHISHKIN Vadim',52.8,77),(2176,47,'RUS','HAZETDINOV Ilmir',47.1,77),(2177,1,'NOR','GRANERUD Halvor Egner',282,78),(2178,2,'GER','EISENBICHLER Markus',272.1,78),(2179,3,'POL','KUBACKI Dawid',265.6,78),(2180,4,'JPN','SATO Yukiya',260.3,78),(2181,5,'NOR','FORFANG Johann Andre',255.8,78),(2182,6,'NOR','JOHANSSON Robert',249.9,78),(2183,7,'POL','STOCH Kamil',246.5,78),(2184,8,'GER','GEIGER Karl',242.5,78),(2185,9,'GER','FREUND Severin',229,78),(2186,10,'SLO','LANISEK Anze',228.4,78),(2187,11,'AUT','SCHIFFNER Markus',227.8,78),(2188,12,'GER','SCHMID Constantin',220.7,78),(2189,13,'SLO','JELAR Ziga',220.6,78),(2190,14,'NOR','TANDE Daniel Andre',216.9,78),(2191,15,'JPN','KOBAYASHI Ryoyu',214.5,78),(2192,16,'JPN','NAKAMURA Naoki',213.3,78),(2193,17,'SLO','PAVLOVCIC Bor',212.7,78),(2194,18,'SLO','PREVC Peter',206.8,78),(2195,19,'AUT','LEITNER Clemens',203.5,78),(2196,20,'SUI','DESCHWANDEN Gregor',202.4,78),(2197,21,'GER','PASCHKE Pius',202.3,78),(2198,22,'AUT','KAHOFER Timon-Pascal',201.9,78),(2199,23,'POL','ZYLA Piotr',198.2,78),(2200,23,'ITA','BRESADOLA Giovanni',198.2,78),(2201,25,'POL','WASEK Pawel',197.3,78),(2202,26,'SUI','PETER Dominik',193.4,78),(2203,27,'JPN','KOBAYASHI Junshiro',191.4,78),(2204,28,'USA','LARSON Casey',184.7,78),(2205,29,'JPN','ITO Daiki',168.7,78),(2206,30,'EST','AIGRO Artti',165.7,78),(2207,31,'NOR','HAARE Anders',100.2,78),(2208,32,'SLO','BARTOL Tilen',99.4,78),(2209,33,'POL','STEKALA Andrzej',98,78),(2210,34,'NOR','ERIKSEN Sander Vossan',97.8,78),(2211,35,'GER','HAMANN Martin',97,78),(2212,36,'FIN','AALTO Antti',93.6,78),(2213,37,'SLO','SEMENIC Anze',93.3,78),(2214,38,'CAN','BOYD-CLOWES Mackenzie',93.1,78),(2215,39,'SLO','ZAJC Timi',92.1,78),(2216,40,'AUT','FETTNER Manuel',90.7,78),(2217,41,'JPN','SATO Keiichi',84.6,78),(2218,42,'GER','WELLINGER Andreas',82.5,78),(2219,43,'FIN','KYTOSAHO Niko',82,78),(2220,44,'FIN','MAATTA Jarkko',80.9,78),(2221,45,'SUI','AMMANN Simon',80.8,78),(2222,46,'ITA','INSAM Alex',79.8,78),(2223,47,'NOR','LINDVIK Marius',78.8,78),(2224,48,'FIN','ALAMOMMO Andreas',64.7,78),(2225,49,'CAN','SOUKUP Matthew',60,78),(2226,1,'GER','EISENBICHLER Markus',313.4,79),(2227,2,'POL','ZYLA Piotr',294.1,79),(2228,3,'POL','KUBACKI Dawid',293.9,79),(2229,4,'NOR','GRANERUD Halvor Egner',291.2,79),(2230,5,'JPN','SATO Yukiya',276.1,79),(2231,6,'NOR','JOHANSSON Robert',275.7,79),(2232,7,'SLO','PAVLOVCIC Bor',274.9,79),(2233,8,'GER','PASCHKE Pius',268.5,79),(2234,9,'GER','GEIGER Karl',265.2,79),(2235,9,'POL','MURANKA Klemens',265.2,79),(2236,11,'POL','STEKALA Andrzej',260.6,79),(2237,12,'POL','STOCH Kamil',257.9,79),(2238,13,'SLO','JELAR Ziga',253.6,79),(2239,14,'EST','AIGRO Artti',253.1,79),(2240,15,'GER','HAMANN Martin',252.5,79),(2241,16,'GER','SCHMID Constantin',251.6,79),(2242,17,'JPN','KOBAYASHI Junshiro',244.7,79),(2243,18,'NOR','HAARE Anders',241,79),(2244,19,'AUT','LEITNER Clemens',240.8,79),(2245,20,'FIN','AALTO Antti',237.5,79),(2246,21,'JPN','ITO Daiki',236.9,79),(2247,22,'POL','WASEK Pawel',236,79),(2248,23,'GER','FREUND Severin',234.3,79),(2249,24,'SLO','SEMENIC Anze',231.7,79),(2250,25,'AUT','FETTNER Manuel',230.2,79),(2251,26,'SUI','DESCHWANDEN Gregor',229.2,79),(2252,27,'NOR','LINDVIK Marius',227.7,79),(2253,28,'AUT','SCHIFFNER Markus',225,79),(2254,29,'SLO','PREVC Peter',214.7,79),(2255,30,'SUI','PETER Dominik',207.7,79),(2256,31,'NOR','ERIKSEN Sander Vossan',103.7,79),(2257,32,'JPN','SATO Keiichi',102.9,79),(2258,33,'SLO','BARTOL Tilen',102.7,79),(2259,34,'CAN','BOYD-CLOWES Mackenzie',101,79),(2260,34,'GER','WELLINGER Andreas',101,79),(2261,36,'CZE','POLASEK Viktor',95.2,79),(2262,37,'BUL','ZOGRAFSKI Vladimir',93.4,79),(2263,38,'JPN','KOBAYASHI Ryoyu',92.6,79),(2264,39,'SLO','LANISEK Anze',92.5,79),(2265,40,'FIN','KYTOSAHO Niko',90.6,79),(2266,41,'ITA','INSAM Alex',88.2,79),(2267,42,'FIN','ALAMOMMO Andreas',82.9,79),(2268,43,'CZE','STURSA Vojtech',82.6,79),(2269,44,'CZE','KOZISEK Cestmir',79,79),(2270,45,'ITA','BRESADOLA Giovanni',78.7,79),(2271,46,'SUI','AMMANN Simon',75,79),(2272,47,'AUT','KAHOFER Timon-Pascal',68.9,79),(2273,48,'NOR','TANDE Daniel Andre',66,79),(2274,49,'AUT','HAAGEN David',55.4,79),(2275,1,'GER','EISENBICHLER Markus',267.6,80),(2276,2,'GER','GEIGER Karl',258.6,80),(2277,3,'AUT','HUBER Daniel',255.7,80),(2278,4,'NOR','GRANERUD Halvor Egner',251.7,80),(2279,5,'POL','ZYLA Piotr',246.5,80),(2280,6,'SLO','LANISEK Anze',246.3,80),(2281,7,'JPN','SATO Yukiya',244,80),(2282,8,'AUT','ASCHENWALD Philipp',242.4,80),(2283,9,'CAN','BOYD-CLOWES Mackenzie',240.7,80),(2284,10,'AUT','HAYBOECK Michael',228.7,80),(2285,11,'POL','KUBACKI Dawid',227.6,80),(2286,12,'GER','PASCHKE Pius',227.3,80),(2287,13,'NOR','ERIKSEN Sander Vossan',225.4,80),(2288,14,'SUI','DESCHWANDEN Gregor',219.6,80),(2289,15,'JPN','KOBAYASHI Junshiro',218.5,80),(2290,16,'NOR','HAARE Anders',217.3,80),(2291,17,'JPN','SATO Keiichi',215.3,80),(2292,18,'GER','HAMANN Martin',214.9,80),(2293,19,'POL','STEKALA Andrzej',214.6,80),(2294,20,'POL','KOT Maciej',214.5,80),(2295,20,'SLO','PAVLOVCIC Bor',214.5,80),(2296,22,'POL','MURANKA Klemens',213.3,80),(2297,23,'SLO','ZAJC Timi',205.4,80),(2298,24,'NOR','LINDVIK Marius',203.3,80),(2299,25,'GER','FREUND Severin',202.6,80),(2300,26,'EST','AIGRO Artti',200.4,80),(2301,27,'JPN','KOBAYASHI Ryoyu',193.6,80),(2302,27,'POL','STOCH Kamil',193.6,80),(2303,29,'POL','HULA Stefan',190.4,80),(2304,30,'SLO','PREVC Peter',180,80),(2305,31,'RUS','KLIMOV Evgeniy',95.5,80),(2306,32,'AUT','KRAFT Stefan',94.9,80),(2307,33,'POL','WOLNY Jakub',94,80),(2308,33,'CAN','SOUKUP Matthew',94,80),(2309,35,'POL','ZNISZCZOL Aleksander',93,80),(2310,36,'NOR','TANDE Daniel Andre',92.3,80),(2311,36,'SUI','PETER Dominik',92.3,80),(2312,38,'SLO','JELAR Ziga',92,80),(2313,39,'SLO','BARTOL Tilen',91.6,80),(2314,39,'GER','WELLINGER Andreas',91.6,80),(2315,41,'JPN','ITO Daiki',90.1,80),(2316,42,'GER','SCHMID Constantin',89.1,80),(2317,43,'POL','PILCH Tomasz',88.5,80),(2318,44,'AUT','SCHLIERENZAUER Gregor',83.8,80),(2319,45,'NOR','JOHANSSON Robert',80.3,80),(2320,46,'BUL','ZOGRAFSKI Vladimir',80.1,80),(2321,47,'RUS','TROFIMOV Roman Sergeevich',69.9,80),(2322,48,'POL','WASEK Pawel',65.8,80),(2323,49,'NOR','PEDERSEN Robin',38.8,80),(2324,1,'NOR','LUNDBY Maren',262.3,81),(2325,2,'NOR','OPSETH Silje',261.6,81),(2326,3,'AUT','HOELZL Chiara',255.1,81),(2327,4,'AUT','PINKELNIG Eva',245.7,81),(2328,5,'SLO','KLINEC Ema',237.3,81),(2329,6,'GER','ALTHAUS Katharina',225.2,81),(2330,7,'JPN','ITO Yuki',213.9,81),(2331,8,'JPN','TAKANASHI Sara',205.7,81),(2332,9,'SLO','KRIZNAR Nika',197.3,81),(2333,10,'AUT','IRASCHKO-STOLZ Daniela',172,81),(2334,11,'SLO','ROGELJ Spela',171.9,81),(2335,12,'NOR','STROEM Anna Odine',171.7,81),(2336,13,'JPN','MARUYAMA Nozomi',171.3,81),(2337,14,'FRA','CLAIR Julia',161.3,81),(2338,15,'ITA','MALSINER Lara',157.8,81),(2339,16,'GER','SEYFARTH Juliane',156.2,81),(2340,17,'ITA','RUNGGALDIER Elena',150.3,81),(2341,18,'JPN','SETO Yuka',148.5,81),(2342,19,'GER','WUERTH Svenja',148.1,81),(2343,20,'FRA','PAGNIER Josephine',146.2,81),(2344,21,'GER','GOERLICH Luisa',145.1,81),(2345,22,'AUT','SORSCHAG Sophie',144.7,81),(2346,23,'RUS','TIKHONOVA Sofia',135,81),(2347,24,'SLO','KOMAR Katra',121.2,81),(2348,25,'ROU','HARALAMBIE Daniela',121,81),(2349,26,'RUS','KABLUKOVA Ksenia',109.4,81),(2350,27,'FRA','AVOCAT GROS Oceane',106,81),(2351,28,'AUT','SEIFRIEDSBERGER Jacqueline',105.8,81),(2352,29,'SLO','BRECL Jerneja',90.4,81),(2353,30,'SWE','NORSTEDT Astrid',81.1,81),(2354,31,'KOR','PARK Guylim',11.7,81),(2355,32,'FIN','KYKKAENEN Julia',5.2,81),(2356,1,'POL','STOCH Kamil',264.3,82),(2357,2,'SLO','JELAR Ziga',259,82),(2358,3,'SLO','ZAJC Timi',257.6,82),(2359,4,'JPN','KOBAYASHI Ryoyu',253.6,82),(2360,5,'SLO','PREVC Peter',250.6,82),(2361,6,'AUT','ASCHENWALD Philipp',249.3,82),(2362,7,'RUS','KLIMOV Evgeniy',248.1,82),(2363,8,'POL','KUBACKI Dawid',247.7,82),(2364,9,'GER','LEYHE Stephan',246.2,82),(2365,10,'NOR','PEDERSEN Robin',243.8,82),(2366,11,'GER','SCHMID Constantin',237.8,82),(2367,12,'NOR','LINDVIK Marius',237.4,82),(2368,13,'NOR','JOHANSSON Robert',236.9,82),(2369,14,'JPN','SATO Yukiya',235.2,82),(2370,15,'GER','PASCHKE Pius',234.9,82),(2371,16,'AUT','HAYBOECK Michael',231.8,82),(2372,17,'AUT','KRAFT Stefan',230.6,82),(2373,18,'AUT','SCHLIERENZAUER Gregor',229.4,82),(2374,19,'GER','GEIGER Karl',228.4,82),(2375,20,'SLO','SEMENIC Anze',226.9,82),(2376,21,'JPN','SATO Keiichi',226.1,82),(2377,22,'FIN','AALTO Antti',225.7,82),(2378,23,'SLO','LANISEK Anze',223.3,82),(2379,24,'JPN','KOBAYASHI Junshiro',221.6,82),(2380,25,'NOR','TANDE Daniel Andre',212.7,82),(2381,26,'POL','ZYLA Piotr',207.2,82),(2382,27,'KAZ','TKACHENKO Sergey',195.8,82),(2383,28,'POL','KOT Maciej',195.6,82),(2384,29,'SUI','PEIER Killian',185.5,82),(2385,30,'JPN','ITO Daiki',178.8,82),(2386,31,'AUT','HUBER Daniel',102.4,82),(2387,32,'SUI','AMMANN Simon',101.2,82),(2388,32,'FIN','KYTOSAHO Niko',101.2,82),(2389,34,'POL','WOLNY Jakub',100.6,82),(2390,35,'EST','AIGRO Artti',99.8,82),(2391,36,'AUT','AIGNER Clemens',95.6,82),(2392,37,'SLO','PREVC Domen',92.7,82),(2393,38,'GER','FREUND Severin',90.6,82),(2394,39,'JPN','NAKAMURA Naoki',90.2,82),(2395,40,'NOR','BUSKUM Andreas Granerud',90,82),(2396,41,'USA','BICKNER Kevin',85.6,82),(2397,42,'CZE','KOZISEK Cestmir',81.1,82),(2398,43,'RUS','TROFIMOV Roman Sergeevich',80.1,82),(2399,44,'GER','EISENBICHLER Markus',78.7,82),(2400,44,'KAZ','MUMINOV Sabirzhan',78.7,82),(2401,46,'BUL','ZOGRAFSKI Vladimir',67.1,82),(2402,47,'AUT','HUBER Stefan',60,82),(2403,48,'NOR','FORFANG Johann Andre',52.9,82),(2404,49,'CZE','KOUDELKA Roman',40.5,82),(2405,50,'POL','WASEK Pawel',23.3,82),(2406,1,'JPN','TAKANASHI Sara',296.9,83),(2407,2,'NOR','LUNDBY Maren',295.4,83),(2408,3,'NOR','OPSETH Silje',293.5,83),(2409,4,'GER','ALTHAUS Katharina',290.8,83),(2410,5,'SLO','KRIZNAR Nika',290.4,83),(2411,6,'AUT','PINKELNIG Eva',286.1,83),(2412,7,'SLO','KLINEC Ema',272.6,83),(2413,8,'AUT','IRASCHKO-STOLZ Daniela',262.1,83),(2414,9,'AUT','HOELZL Chiara',261.2,83),(2415,10,'ITA','MALSINER Lara',248.8,83),(2416,11,'AUT','SEIFRIEDSBERGER Jacqueline',238.6,83),(2417,12,'GER','SEYFARTH Juliane',235,83),(2418,13,'NOR','STROEM Anna Odine',233.4,83),(2419,14,'JPN','MARUYAMA Nozomi',226.4,83),(2420,15,'FRA','PAGNIER Josephine',226.3,83),(2421,16,'RUS','AVVAKUMOVA Irina',223.8,83),(2422,16,'GER','GOERLICH Luisa',223.8,83),(2423,18,'JPN','SETO Yuka',220.5,83),(2424,19,'ROU','HARALAMBIE Daniela',218.6,83),(2425,20,'SLO','KOMAR Katra',216.1,83),(2426,21,'GER','WUERTH Svenja',213.6,83),(2427,22,'SLO','ROGELJ Spela',211.6,83),(2428,23,'AUT','SORSCHAG Sophie',210.7,83),(2429,24,'ITA','RUNGGALDIER Elena',206.8,83),(2430,25,'RUS','TIKHONOVA Sofia',205.7,83),(2431,26,'FRA','AVOCAT GROS Oceane',199.5,83),(2432,27,'FIN','KYKKAENEN Julia',196.1,83),(2433,28,'FRA','CLAIR Julia',193,83),(2434,29,'SWE','NORSTEDT Astrid',190.6,83),(2435,30,'KOR','PARK Guylim',185.9,83),(2436,31,'RUS','KABLUKOVA Ksenia',83.5,83),(2437,32,'SLO','BRECL Jerneja',81.7,83),(2438,33,'JPN','ITO Yuki',77.3,83),(2439,1,'SLO','PREVC Peter',279,84),(2440,2,'GER','EISENBICHLER Markus',278.6,84),(2441,3,'GER','LEYHE Stephan',277.5,84),(2442,4,'NOR','LINDVIK Marius',275.7,84),(2443,5,'NOR','JOHANSSON Robert',275.5,84),(2444,5,'NOR','PEDERSEN Robin',275.5,84),(2445,7,'POL','STOCH Kamil',272.7,84),(2446,8,'AUT','KRAFT Stefan',270.6,84),(2447,9,'JPN','KOBAYASHI Ryoyu',270.4,84),(2448,10,'AUT','SCHLIERENZAUER Gregor',263.5,84),(2449,11,'SLO','LANISEK Anze',263.3,84),(2450,12,'JPN','SATO Yukiya',262.9,84),(2451,13,'NOR','TANDE Daniel Andre',258.3,84),(2452,14,'GER','PASCHKE Pius',258.1,84),(2453,15,'AUT','ASCHENWALD Philipp',256.8,84),(2454,16,'GER','SCHMID Constantin',256.5,84),(2455,16,'JPN','ITO Daiki',256.5,84),(2456,18,'AUT','HUBER Daniel',256.1,84),(2457,19,'GER','GEIGER Karl',254.3,84),(2458,20,'SLO','JELAR Ziga',253.6,84),(2459,21,'NOR','FORFANG Johann Andre',253.5,84),(2460,22,'SLO','ZAJC Timi',251.5,84),(2461,23,'POL','ZYLA Piotr',251.3,84),(2462,24,'RUS','KLIMOV Evgeniy',249.3,84),(2463,25,'POL','KUBACKI Dawid',248.5,84),(2464,26,'FIN','AALTO Antti',247.6,84),(2465,27,'JPN','KOBAYASHI Junshiro',246,84),(2466,28,'NOR','HAARE Anders',244.2,84),(2467,29,'AUT','HAYBOECK Michael',243.6,84),(2468,30,'SUI','PEIER Killian',238.4,84),(2469,31,'BUL','ZOGRAFSKI Vladimir',107.4,84),(2470,32,'CAN','BOYD-CLOWES Mackenzie',107.2,84),(2471,33,'USA','BICKNER Kevin',102.1,84),(2472,34,'AUT','AIGNER Clemens',100.1,84),(2473,35,'JPN','SATO Keiichi',99.2,84),(2474,36,'CZE','KOUDELKA Roman',96.8,84),(2475,37,'POL','WOLNY Jakub',95.9,84),(2476,38,'NOR','BUSKUM Andreas Granerud',94.7,84),(2477,39,'POL','KOT Maciej',94.2,84),(2478,40,'SUI','DESCHWANDEN Gregor',93.6,84),(2479,41,'NOR','WESTERHEIM Oscar P',91.6,84),(2480,42,'SUI','AMMANN Simon',90.1,84),(2481,43,'GER','FREUND Severin',89.3,84),(2482,44,'JPN','NAKAMURA Naoki',86.7,84),(2483,44,'SUI','SCHULER Andreas',86.7,84),(2484,46,'RUS','TROFIMOV Roman Sergeevich',86.1,84),(2485,47,'AUT','HUBER Stefan',85.6,84),(2486,48,'GER','HAMANN Martin',84.5,84),(2487,49,'NOR','BJOERENG Joacim Oedegaard',82.2,84),(2488,50,'SLO','PREVC Domen',77.8,84);
/*!40000 ALTER TABLE `tournament_jumper_results` ENABLE KEYS */;
UNLOCK TABLES;

--
-- Table structure for table `tournament_world_cup`
--

DROP TABLE IF EXISTS `tournament_world_cup`;
/*!40101 SET @saved_cs_client     = @@character_set_client */;
/*!50503 SET character_set_client = utf8mb4 */;
CREATE TABLE `tournament_world_cup` (
  `twc_id` bigint NOT NULL AUTO_INCREMENT,
  `date` date DEFAULT NULL,
  `place` varchar(255) COLLATE utf8mb4_unicode_ci DEFAULT NULL,
  `gender` varchar(255) COLLATE utf8mb4_unicode_ci DEFAULT NULL,
  `link` varchar(255) COLLATE utf8mb4_unicode_ci DEFAULT NULL,
  PRIMARY KEY (`twc_id`)
) ENGINE=InnoDB AUTO_INCREMENT=85 DEFAULT CHARSET=utf8mb4 COLLATE=utf8mb4_unicode_ci;
/*!40101 SET character_set_client = @saved_cs_client */;

--
-- Dumping data for table `tournament_world_cup`
--

LOCK TABLES `tournament_world_cup` WRITE;
/*!40000 ALTER TABLE `tournament_world_cup` DISABLE KEYS */;
INSERT INTO `tournament_world_cup` VALUES (43,'2021-03-28','Planica','M','https://www.fis-ski.com/DB/general/results.html?sectorcode=JP&raceid=5823'),(44,'2021-03-28','Chaikovsky','W','https://www.fis-ski.com/DB/general/results.html?sectorcode=JP&raceid=5844'),(45,'2021-03-26','Planica','M','https://www.fis-ski.com/DB/general/results.html?sectorcode=JP&raceid=5821'),(46,'2021-03-26','Chaikovsky','W','https://www.fis-ski.com/DB/general/results.html?sectorcode=JP&raceid=5880'),(47,'2021-03-25','Planica','M','https://www.fis-ski.com/DB/general/results.html?sectorcode=JP&raceid=5882'),(48,'2021-03-21','Nizhny Tagil','W','https://www.fis-ski.com/DB/general/results.html?sectorcode=JP&raceid=5842'),(49,'2021-03-20','Nizhny Tagil','W','https://www.fis-ski.com/DB/general/results.html?sectorcode=JP&raceid=5841'),(50,'2021-02-19','Rasnov','M','https://www.fis-ski.com/DB/general/results.html?sectorcode=JP&raceid=5809'),(51,'2021-02-19','Rasnov','W','https://www.fis-ski.com/DB/general/results.html?sectorcode=JP&raceid=5837'),(52,'2021-02-18','Rasnov','W','https://www.fis-ski.com/DB/general/results.html?sectorcode=JP&raceid=5878'),(53,'2021-02-14','Zakopane','M','https://www.fis-ski.com/DB/general/results.html?sectorcode=JP&raceid=6017'),(54,'2021-02-13','Zakopane','M','https://www.fis-ski.com/DB/general/results.html?sectorcode=JP&raceid=6016'),(55,'2021-02-07','Hinzenbach','W','https://www.fis-ski.com/DB/general/results.html?sectorcode=JP&raceid=5834'),(56,'2021-02-07','Klingenthal','M','https://www.fis-ski.com/DB/general/results.html?sectorcode=JP&raceid=6014'),(57,'2021-02-06','Hinzenbach','W','https://www.fis-ski.com/DB/general/results.html?sectorcode=JP&raceid=5833'),(58,'2021-02-06','Klingenthal','M','https://www.fis-ski.com/DB/general/results.html?sectorcode=JP&raceid=6013'),(59,'2021-02-05','Hinzenbach','W','https://www.fis-ski.com/DB/general/results.html?sectorcode=JP&raceid=6025'),(60,'2021-01-31','Willingen','M','https://www.fis-ski.com/DB/general/results.html?sectorcode=JP&raceid=5803'),(61,'2021-01-31','Titisee-Neustadt','W','https://www.fis-ski.com/DB/general/results.html?sectorcode=JP&raceid=5999'),(62,'2021-01-30','Willingen','M','https://www.fis-ski.com/DB/general/results.html?sectorcode=JP&raceid=5802'),(63,'2021-01-30','Titisee-Neustadt','W','https://www.fis-ski.com/DB/general/results.html?sectorcode=JP&raceid=5998'),(64,'2021-01-24','Lahti','M','https://www.fis-ski.com/DB/general/results.html?sectorcode=JP&raceid=5800'),(65,'2021-01-24','Ljubno','W','https://www.fis-ski.com/DB/general/results.html?sectorcode=JP&raceid=5832'),(66,'2021-01-17','Zakopane','M','https://www.fis-ski.com/DB/general/results.html?sectorcode=JP&raceid=5798'),(67,'2021-01-10','Titisee-Neustadt','M','https://www.fis-ski.com/DB/general/results.html?sectorcode=JP&raceid=5796'),(68,'2021-01-09','Titisee-Neustadt','M','https://www.fis-ski.com/DB/general/results.html?sectorcode=JP&raceid=5795'),(69,'2021-01-06','Bischofshofen','M','https://www.fis-ski.com/DB/general/results.html?sectorcode=JP&raceid=5855'),(70,'2021-01-03','Innsbruck','M','https://www.fis-ski.com/DB/general/results.html?sectorcode=JP&raceid=5853'),(71,'2021-01-01','Garmisch Partenkirchen','M','https://www.fis-ski.com/DB/general/results.html?sectorcode=JP&raceid=5851'),(72,'2020-12-29','Oberstdorf','M','https://www.fis-ski.com/DB/general/results.html?sectorcode=JP&raceid=5849'),(73,'2020-12-20','Engelberg','M','https://www.fis-ski.com/DB/general/results.html?sectorcode=JP&raceid=5794'),(74,'2020-12-19','Engelberg','M','https://www.fis-ski.com/DB/general/results.html?sectorcode=JP&raceid=5793'),(75,'2020-12-18','Ramsau','W','https://www.fis-ski.com/DB/general/results.html?sectorcode=JP&raceid=6011'),(76,'2020-12-06','Nizhny Tagil','M','https://www.fis-ski.com/DB/general/results.html?sectorcode=JP&raceid=5792'),(77,'2020-12-05','Nizhny Tagil','M','https://www.fis-ski.com/DB/general/results.html?sectorcode=JP&raceid=5791'),(78,'2020-11-29','Ruka','M','https://www.fis-ski.com/DB/general/results.html?sectorcode=JP&raceid=5790'),(79,'2020-11-28','Ruka','M','https://www.fis-ski.com/DB/general/results.html?sectorcode=JP&raceid=5789'),(80,'2020-11-22','Wisla','M','https://www.fis-ski.com/DB/general/results.html?sectorcode=JP&raceid=5788'),(81,'2020-03-10','Lillehammer','W','https://www.fis-ski.com/DB/general/results.html?sectorcode=JP&raceid=5537'),(82,'2020-03-10','Lillehammer','M','https://www.fis-ski.com/DB/general/results.html?sectorcode=JP&raceid=5598'),(83,'2020-03-09','Lillehammer','W','https://www.fis-ski.com/DB/general/results.html?sectorcode=JP&raceid=5536'),(84,'2020-03-09','Lillehammer','M','https://www.fis-ski.com/DB/general/results.html?sectorcode=JP&raceid=5597');
/*!40000 ALTER TABLE `tournament_world_cup` ENABLE KEYS */;
UNLOCK TABLES;
/*!40103 SET TIME_ZONE=@OLD_TIME_ZONE */;

/*!40101 SET SQL_MODE=@OLD_SQL_MODE */;
/*!40014 SET FOREIGN_KEY_CHECKS=@OLD_FOREIGN_KEY_CHECKS */;
/*!40014 SET UNIQUE_CHECKS=@OLD_UNIQUE_CHECKS */;
/*!40101 SET CHARACTER_SET_CLIENT=@OLD_CHARACTER_SET_CLIENT */;
/*!40101 SET CHARACTER_SET_RESULTS=@OLD_CHARACTER_SET_RESULTS */;
/*!40101 SET COLLATION_CONNECTION=@OLD_COLLATION_CONNECTION */;
/*!40111 SET SQL_NOTES=@OLD_SQL_NOTES */;

-- Dump completed on 2021-05-30 22:49:37
